frame,emotion,pixels,time stamp
"[[[185 173 164]
  [186 174 165]
  [189 174 166]
  ...
  [179 171 176]
  [179 171 176]
  [179 171 176]]

 [[185 172 165]
  [186 173 166]
  [187 175 166]
  ...
  [178 174 175]
  [177 172 176]
  [177 172 176]]

 [[183 172 165]
  [184 173 166]
  [185 172 165]
  ...
  [178 174 175]
  [178 174 175]
  [178 174 175]]

 ...

 [[175 168 163]
  [174 167 162]
  [174 167 162]
  ...
  [ 73  56  46]
  [ 71  56  46]
  [ 71  56  46]]

 [[175 166 161]
  [175 166 161]
  [175 167 159]
  ...
  [ 75  59  46]
  [ 75  59  46]
  [ 73  57  44]]

 [[174 165 160]
  [175 166 161]
  [175 167 159]
  ...
  [ 77  61  48]
  [ 75  59  46]
  [ 72  56  43]]]",Neutral,"[[ 57  54  53 ...  89  86  80]
 [ 54  52  51 ...  90  87  82]
 [ 52  51  50 ...  90  88  86]
 ...
 [196 197 199 ... 189 189 189]
 [197 199 199 ... 189 188 188]
 [197 199 199 ... 187 188 188]]",2023-04-11 22:58:13.723474
"[[[187 173 175]
  [186 172 174]
  [185 171 173]
  ...
  [180 171 178]
  [177 171 177]
  [177 171 177]]

 [[187 174 172]
  [186 173 171]
  [185 172 170]
  ...
  [177 172 176]
  [177 172 176]
  [178 173 177]]

 [[186 173 171]
  [186 173 171]
  [185 172 170]
  ...
  [177 172 176]
  [175 170 174]
  [177 172 176]]

 ...

 [[175 170 165]
  [174 169 164]
  [174 169 164]
  ...
  [ 60  53  48]
  [ 60  53  48]
  [ 58  51  46]]

 [[174 169 164]
  [174 169 164]
  [176 169 164]
  ...
  [ 61  53  45]
  [ 59  52  47]
  [ 56  49  44]]

 [[175 168 163]
  [175 168 163]
  [175 168 163]
  ...
  [ 60  52  44]
  [ 58  52  44]
  [ 56  50  42]]]",Sad,"[[148 109  88 ... 192 192 195]
 [101  80  74 ... 195 189 192]
 [ 86  84  82 ... 195 188 179]
 ...
 [133 125 140 ...  72  79  81]
 [139 126 112 ...  75  83  84]
 [141 144 119 ...  75  87  83]]",2023-04-11 22:58:13.895939
"[[[180 171 172]
  [180 171 172]
  [182 171 172]
  ...
  [177 172 176]
  [177 173 174]
  [178 174 175]]

 [[180 172 169]
  [180 172 169]
  [182 172 169]
  ...
  [175 172 176]
  [175 173 174]
  [176 174 175]]

 [[183 173 170]
  [182 172 169]
  [182 172 169]
  ...
  [173 172 176]
  [175 173 174]
  [175 173 174]]

 ...

 [[179 171 168]
  [176 168 165]
  [176 168 165]
  ...
  [ 64  51  49]
  [ 63  50  48]
  [ 63  50  48]]

 [[179 169 166]
  [177 167 164]
  [177 167 164]
  ...
  [ 62  49  47]
  [ 60  47  45]
  [ 60  47  45]]

 [[177 167 164]
  [177 167 164]
  [177 167 164]
  ...
  [ 60  46  47]
  [ 60  46  48]
  [ 60  46  48]]]",Sad,"[[ 76  73  72 ... 200 195 181]
 [ 75  72  71 ... 136 130 121]
 [ 69  66  67 ...  86  89  98]
 ...
 [172 174 194 ...  59  65  70]
 [154 169 196 ...  71  74  77]
 [129 169 195 ...  77  75  81]]",2023-04-11 22:58:14.004627
"[[[186 173 171]
  [186 173 171]
  [186 173 171]
  ...
  [177 174 178]
  [177 174 178]
  [178 175 179]]

 [[186 173 171]
  [186 173 171]
  [185 172 170]
  ...
  [174 173 177]
  [174 173 177]
  [176 175 179]]

 [[185 172 170]
  [184 171 169]
  [181 168 166]
  ...
  [173 171 177]
  [173 172 176]
  [175 174 178]]

 ...

 [[174 168 165]
  [173 167 164]
  [174 168 165]
  ...
  [ 89  78  79]
  [ 90  83  84]
  [ 99  92  93]]

 [[173 167 164]
  [173 167 164]
  [174 168 165]
  ...
  [ 90  79  80]
  [ 93  86  88]
  [100  93  95]]

 [[175 167 164]
  [174 166 163]
  [173 167 164]
  ...
  [ 91  80  82]
  [ 95  87  92]
  [100  92  97]]]",Happy,"[[ 69  71  72 ...  87  87  87]
 [ 73  76  75 ...  90  89  89]
 [ 73  75  74 ...  93  93  93]
 ...
 [172 165 146 ... 132 131 144]
 [173 174 174 ... 137 138 146]
 [176 181 181 ... 142 140 146]]",2023-04-11 22:58:14.114839
"[[[187 173 175]
  [187 173 175]
  [186 172 174]
  ...
  [178 173 177]
  [181 173 178]
  [181 173 178]]

 [[187 173 175]
  [186 172 174]
  [186 172 174]
  ...
  [176 173 177]
  [179 174 178]
  [180 175 179]]

 [[187 173 175]
  [186 172 174]
  [184 174 171]
  ...
  [176 173 177]
  [179 174 178]
  [182 177 181]]

 ...

 [[180 172 169]
  [179 171 168]
  [176 167 168]
  ...
  [108 104 117]
  [108 104 117]
  [107 103 116]]

 [[179 170 171]
  [177 168 169]
  [176 167 168]
  ...
  [109 103 116]
  [109 103 116]
  [109 103 116]]

 [[177 168 169]
  [179 170 171]
  [179 170 171]
  ...
  [109 101 114]
  [111 103 116]
  [111 103 116]]]",Happy,"[[136  90  72 ...  96  96  96]
 [ 84  66  69 ... 102 102 102]
 [ 66  70  69 ... 107 107 108]
 ...
 [133 162 175 ... 112 111 119]
 [141 151 150 ... 134 132 137]
 [145 143 130 ... 143 140 145]]",2023-04-11 22:58:14.222754
"[[[182 173 174]
  [183 174 175]
  [183 174 175]
  ...
  [170 171 180]
  [174 171 180]
  [173 170 179]]

 [[183 175 172]
  [183 175 172]
  [182 174 171]
  ...
  [172 174 180]
  [175 173 179]
  [174 172 178]]

 [[183 175 172]
  [182 174 171]
  [182 174 171]
  ...
  [178 176 182]
  [176 174 180]
  [174 172 178]]

 ...

 [[175 169 166]
  [175 169 166]
  [175 169 166]
  ...
  [116 104 121]
  [115 103 120]
  [113 101 118]]

 [[174 168 165]
  [174 168 165]
  [175 169 166]
  ...
  [117 104 118]
  [114 103 117]
  [110  99 113]]

 [[174 168 165]
  [174 168 165]
  [174 168 165]
  ...
  [116 103 117]
  [113 102 116]
  [110  99 113]]]",Happy,"[[ 66  61  59 ... 130 110  98]
 [ 59  58  57 ...  93 101 102]
 [ 57  55  55 ...  99 102 103]
 ...
 [207 207 209 ... 122 135 148]
 [210 206 207 ... 126 132 154]
 [208 208 208 ... 126 143 164]]",2023-04-11 22:58:14.332917
"[[[184 174 171]
  [183 173 170]
  [183 173 170]
  ...
  [180 174 180]
  [181 173 178]
  [181 173 178]]

 [[183 173 170]
  [183 173 170]
  [183 173 170]
  ...
  [179 173 179]
  [179 173 179]
  [179 173 179]]

 [[182 172 169]
  [182 172 169]
  [183 173 170]
  ...
  [178 172 178]
  [179 173 179]
  [179 173 179]]

 ...

 [[173 166 168]
  [173 166 168]
  [174 167 169]
  ...
  [104  98 116]
  [103  98 114]
  [103  98 114]]

 [[173 166 168]
  [172 165 167]
  [172 165 167]
  ...
  [105 100 116]
  [106  99 115]
  [104  97 113]]

 [[173 166 167]
  [172 165 166]
  [172 165 167]
  ...
  [107 100 116]
  [106  99 115]
  [105  98 114]]]",Happy,"[[ 60  60  59 ... 148 160 164]
 [ 59  57  54 ...  97  95 109]
 [ 58  55  52 ...  97  92  95]
 ...
 [ 89  93 137 ...  77 130 157]
 [176 168 168 ...  89 132 158]
 [182 164 173 ... 112 133 155]]",2023-04-11 22:58:14.446558
"[[[183 172 174]
  [183 172 174]
  [184 173 175]
  ...
  [183 174 176]
  [184 175 177]
  [184 175 177]]

 [[181 172 174]
  [181 172 174]
  [182 173 175]
  ...
  [182 175 177]
  [182 175 177]
  [181 174 176]]

 [[181 172 174]
  [181 172 174]
  [182 173 175]
  ...
  [182 175 177]
  [182 175 177]
  [181 174 176]]

 ...

 [[176 168 165]
  [173 165 162]
  [174 166 163]
  ...
  [110  98 108]
  [108  96 106]
  [108  96 106]]

 [[175 167 164]
  [173 165 162]
  [174 166 163]
  ...
  [108  95 107]
  [106  94 104]
  [106  94 104]]

 [[177 168 163]
  [177 168 163]
  [177 168 163]
  ...
  [108  93 105]
  [108  94 104]
  [107  93 103]]]",Happy,"[[ 52  51  47 ...  90  88  86]
 [ 51  48  45 ...  90  88  86]
 [ 45  44  43 ...  89  88  86]
 ...
 [168 180 197 ...  66 123 160]
 [196 199 201 ...  69 131 159]
 [175 176 180 ...  75 136 161]]",2023-04-11 22:58:14.563792
"[[[187 171 174]
  [187 171 174]
  [187 171 174]
  ...
  [175 171 177]
  [178 172 178]
  [179 173 179]]

 [[188 172 175]
  [188 172 175]
  [187 171 174]
  ...
  [175 171 177]
  [176 172 178]
  [177 173 179]]

 [[186 172 174]
  [186 172 174]
  [185 171 173]
  ...
  [176 172 178]
  [177 173 179]
  [178 174 180]]

 ...

 [[177 169 166]
  [179 171 168]
  [179 171 168]
  ...
  [110  93  99]
  [107  92  98]
  [107  92  98]]

 [[177 169 166]
  [179 171 168]
  [179 171 168]
  ...
  [107  91  99]
  [106  91  97]
  [105  90  96]]

 [[176 168 165]
  [177 169 166]
  [176 168 165]
  ...
  [109  91  99]
  [108  90  98]
  [107  89  97]]]",Sad,"[[ 52  51  49 ...  80  77  76]
 [ 49  48  45 ...  86  82  80]
 [ 46  44  42 ...  90  89  86]
 ...
 [197 192 192 ... 197 196 197]
 [199 185 164 ... 200 197 197]
 [145 126 118 ... 196 196 199]]",2023-04-11 22:58:14.678573
"[[[185 170 168]
  [186 171 169]
  [187 173 169]
  ...
  [178 172 178]
  [178 172 178]
  [182 176 182]]

 [[185 170 168]
  [186 171 169]
  [187 173 169]
  ...
  [177 173 179]
  [177 173 179]
  [180 176 182]]

 [[183 170 168]
  [185 172 170]
  [186 174 170]
  ...
  [177 173 179]
  [178 174 180]
  [178 174 180]]

 ...

 [[175 168 169]
  [175 168 169]
  [174 167 168]
  ...
  [108  91 102]
  [108  90 103]
  [107  89 102]]

 [[175 168 169]
  [174 167 168]
  [174 167 168]
  ...
  [106  89 100]
  [104  89 101]
  [103  88 100]]

 [[173 166 167]
  [173 166 167]
  [172 165 166]
  ...
  [103  89  99]
  [100  85  97]
  [100  85  97]]]",Fearful,"[[ 51  47  47 ...  89  89  87]
 [ 47  45  44 ...  93  90  88]
 [ 45  42  41 ...  95  93  90]
 ...
 [189 189 196 ... 200 200 201]
 [190 193 206 ... 200 200 201]
 [190 200 193 ... 200 199 200]]",2023-04-11 22:58:14.788601
"[[[186 173 171]
  [184 171 169]
  [186 171 169]
  ...
  [184 173 174]
  [184 173 174]
  [184 173 174]]

 [[183 173 170]
  [183 173 170]
  [185 172 170]
  ...
  [181 172 174]
  [182 173 175]
  [182 173 175]]

 [[183 173 170]
  [184 174 171]
  [187 174 172]
  ...
  [179 172 174]
  [181 172 174]
  [183 174 176]]

 ...

 [[176 167 167]
  [175 166 166]
  [174 165 165]
  ...
  [109  94 100]
  [112  98 101]
  [113  99 102]]

 [[175 166 167]
  [174 165 166]
  [176 165 166]
  ...
  [108  93  99]
  [108  93  99]
  [110  95 101]]

 [[173 164 165]
  [173 164 165]
  [175 164 165]
  ...
  [106  91  97]
  [107  92  98]
  [108  93  99]]]",Fearful,"[[ 50  50  50 ...  76  75  75]
 [ 50  48  46 ...  81  79  79]
 [ 48  46  45 ...  87  86  83]
 ...
 [200 187 188 ... 196 197 200]
 [192 190 200 ... 196 199 200]
 [190 193 206 ... 197 200 200]]",2023-04-11 22:58:14.895416
"[[[185 172 170]
  [184 171 169]
  [184 171 169]
  ...
  [183 170 177]
  [184 171 178]
  [184 171 178]]

 [[186 173 171]
  [186 173 171]
  [186 173 171]
  ...
  [181 170 177]
  [182 171 178]
  [182 171 178]]

 [[186 173 171]
  [186 173 171]
  [187 174 172]
  ...
  [179 170 177]
  [180 171 178]
  [180 171 178]]

 ...

 [[172 168 168]
  [172 168 168]
  [171 167 166]
  ...
  [115  98 104]
  [115  98 104]
  [114  97 103]]

 [[174 167 168]
  [173 166 167]
  [172 165 166]
  ...
  [111  93 101]
  [111  93 101]
  [111  93 101]]

 [[173 166 168]
  [172 165 167]
  [171 164 165]
  ...
  [110  92 100]
  [110  92 100]
  [110  92 100]]]",Fearful,"[[ 33  33  34 ...  79  77  76]
 [ 32  32  33 ...  81  80  79]
 [ 33  33  36 ...  83  83  82]
 ...
 [ 71  66  60 ... 199 199 201]
 [ 76  73  69 ... 199 200 200]
 [ 79  77  79 ... 200 199 200]]",2023-04-11 22:58:15.004573
"[[[176 157 175]
  [177 158 176]
  [177 159 174]
  ...
  [183 170 177]
  [180 169 176]
  [180 169 176]]

 [[176 158 173]
  [176 158 173]
  [179 161 174]
  ...
  [182 170 175]
  [180 169 176]
  [180 169 176]]

 [[176 158 171]
  [178 160 173]
  [179 161 174]
  ...
  [180 170 175]
  [180 170 175]
  [180 170 175]]

 ...

 [[205 194 208]
  [207 196 210]
  [207 196 210]
  ...
  [ 28  38  47]
  [ 28  36  44]
  [ 26  34  42]]

 [[208 197 209]
  [206 195 207]
  [206 195 207]
  ...
  [ 22  35  42]
  [ 23  36  43]
  [ 23  36  43]]

 [[207 194 206]
  [208 195 207]
  [209 196 208]
  ...
  [ 17  30  37]
  [ 19  32  39]
  [ 22  35  42]]]",Happy,"[[ 67  65  62 ... 143 145 151]
 [ 62  61  59 ... 125 128 131]
 [ 61  60  57 ... 116 117 117]
 ...
 [194 194 195 ... 152  97 106]
 [194 194 194 ... 154  97 103]
 [194 194 193 ... 147  89 103]]",2023-04-13 00:55:02.442602
"[[[174 161 168]
  [175 162 169]
  [177 164 171]
  ...
  [186 172 175]
  [187 172 178]
  [186 171 177]]

 [[175 162 169]
  [176 163 170]
  [178 165 172]
  ...
  [186 172 175]
  [186 172 175]
  [186 172 175]]

 [[173 162 169]
  [175 164 171]
  [176 165 172]
  ...
  [185 171 173]
  [184 170 172]
  [184 170 172]]

 ...

 [[211 197 214]
  [205 191 208]
  [205 193 203]
  ...
  [ 17  29  40]
  [ 17  27  36]
  [ 17  27  36]]

 [[209 197 207]
  [207 195 205]
  [208 197 204]
  ...
  [ 20  27  37]
  [ 19  26  36]
  [ 19  26  36]]

 [[209 195 205]
  [210 196 206]
  [210 197 204]
  ...
  [ 24  29  39]
  [ 23  28  38]
  [ 23  28  38]]]",Happy,"[[ 96  64  67 ... 176 178 179]
 [ 66  65  64 ... 168 172 173]
 [ 64  62  60 ... 162 164 165]
 ...
 [195 195 195 ...  63  58  91]
 [195 195 195 ...  60  79 124]
 [196 194 194 ...  82 126 145]]",2023-04-13 00:55:02.555507
"[[[173 157 165]
  [174 158 166]
  [177 161 169]
  ...
  [181 170 172]
  [181 170 171]
  [181 170 171]]

 [[174 159 165]
  [176 161 167]
  [177 162 168]
  ...
  [181 170 171]
  [181 170 171]
  [181 170 171]]

 [[175 163 168]
  [175 163 168]
  [176 164 169]
  ...
  [181 170 171]
  [181 170 171]
  [181 170 171]]

 ...

 [[202 189 196]
  [213 200 207]
  [215 201 204]
  ...
  [ 22  29  39]
  [ 20  27  37]
  [ 20  27  37]]

 [[216 201 207]
  [213 198 204]
  [212 198 201]
  ...
  [ 21  28  38]
  [ 20  27  39]
  [ 21  28  40]]

 [[213 193 200]
  [215 195 202]
  [216 197 201]
  ...
  [ 20  27  37]
  [ 20  27  39]
  [ 20  27  39]]]",Happy,"[[ 54  54  54 ... 133 143 144]
 [ 53  52  52 ... 139 153 155]
 [ 52  51  50 ... 150 159 165]
 ...
 [196 196 196 ... 179 179 179]
 [196 197 199 ... 179 179 178]
 [196 197 197 ... 179 179 176]]",2023-04-13 00:55:02.674637
"[[[176 163 156]
  [179 166 159]
  [180 167 160]
  ...
  [182 173 168]
  [184 172 168]
  [183 171 167]]

 [[173 162 155]
  [174 163 156]
  [179 166 159]
  ...
  [181 172 167]
  [181 172 167]
  [181 172 167]]

 [[173 162 155]
  [176 165 158]
  [178 167 160]
  ...
  [181 173 165]
  [181 173 165]
  [181 173 165]]

 ...

 [[203 196 197]
  [205 198 199]
  [203 198 193]
  ...
  [ 16  32  38]
  [ 16  32  38]
  [ 17  33  39]]

 [[207 199 196]
  [205 197 194]
  [205 198 193]
  ...
  [ 14  32  38]
  [ 14  31  39]
  [ 16  33  41]]

 [[205 196 191]
  [207 198 193]
  [209 200 195]
  ...
  [ 18  35  43]
  [ 18  35  45]
  [ 16  33  43]]]",Sad,"[[ 55  59  62 ... 185 182 182]
 [ 53  55  58 ... 185 182 183]
 [ 52  52  53 ... 183 183 183]
 ...
 [199 197 197 ... 181 181 179]
 [200 200 199 ... 179 178 178]
 [195 197 197 ... 180 180 179]]",2023-04-13 00:55:04.564315
"[[[171 160 160]
  [176 165 165]
  [178 168 165]
  ...
  [186 170 171]
  [185 171 173]
  [185 171 173]]

 [[174 164 161]
  [176 166 163]
  [179 169 166]
  ...
  [186 171 169]
  [184 171 169]
  [185 172 170]]

 [[174 164 161]
  [176 166 163]
  [178 169 164]
  ...
  [183 171 167]
  [184 171 169]
  [185 172 170]]

 ...

 [[207 198 205]
  [207 198 205]
  [205 198 200]
  ...
  [ 25  38  45]
  [ 24  38  42]
  [ 22  36  40]]

 [[203 193 198]
  [207 197 202]
  [208 199 201]
  ...
  [ 23  36  43]
  [ 23  37  41]
  [ 23  37  41]]

 [[204 192 197]
  [207 195 200]
  [209 198 200]
  ...
  [ 22  35  42]
  [ 22  35  42]
  [ 23  36  43]]]",Neutral,"[[ 53  57  60 ... 183 182 182]
 [ 52  54  55 ... 183 182 182]
 [ 50  51  52 ... 182 182 182]
 ...
 [199 199 199 ... 180 179 176]
 [199 199 197 ... 179 179 178]
 [197 197 197 ... 179 179 180]]",2023-04-13 00:55:04.669013
"[[[178 162 164]
  [180 164 166]
  [182 167 165]
  ...
  [185 170 168]
  [183 168 166]
  [183 168 166]]

 [[176 161 159]
  [179 164 162]
  [180 167 165]
  ...
  [181 168 166]
  [181 169 165]
  [181 169 165]]

 [[173 160 158]
  [176 163 161]
  [180 167 165]
  ...
  [181 168 166]
  [181 169 165]
  [183 171 167]]

 ...

 [[211 197 200]
  [215 201 204]
  [213 199 201]
  ...
  [ 23  38  48]
  [ 23  38  48]
  [ 22  37  47]]

 [[211 197 199]
  [211 197 199]
  [212 198 200]
  ...
  [ 23  38  48]
  [ 24  39  49]
  [ 23  38  48]]

 [[208 195 193]
  [211 198 196]
  [212 199 197]
  ...
  [ 21  36  44]
  [ 21  36  44]
  [ 20  35  43]]]",Sad,"[[ 47  48  48 ... 186 185 185]
 [ 45  45  46 ... 182 183 183]
 [ 44  43  44 ... 183 183 183]
 ...
 [195 194 195 ... 179 179 180]
 [197 197 199 ... 179 179 179]
 [197 199 196 ... 180 179 179]]",2023-04-13 00:55:04.777862
"[[[175 158 164]
  [178 161 167]
  [183 162 166]
  ...
  [185 171 173]
  [184 170 172]
  [184 170 172]]

 [[174 159 165]
  [176 161 167]
  [180 164 167]
  ...
  [185 171 173]
  [184 170 171]
  [184 170 171]]

 [[173 159 162]
  [176 162 165]
  [180 164 167]
  ...
  [184 170 172]
  [184 171 169]
  [183 170 168]]

 ...

 [[205 197 210]
  [205 197 210]
  [205 196 203]
  ...
  [ 20  30  41]
  [ 20  30  39]
  [ 21  31  40]]

 [[206 196 206]
  [203 193 203]
  [208 197 204]
  ...
  [ 21  28  40]
  [ 20  30  39]
  [ 22  32  41]]

 [[205 194 201]
  [207 196 203]
  [209 197 202]
  ...
  [ 23  28  40]
  [ 20  30  39]
  [ 22  32  41]]]",Sad,"[[ 55  60  61 ... 183 182 183]
 [ 52  54  55 ... 183 182 182]
 [ 48  51  51 ... 185 183 183]
 ...
 [197 200 197 ... 178 176 189]
 [199 199 197 ... 178 179 190]
 [199 197 197 ... 180 180 189]]",2023-04-13 00:55:04.882930
"[[[177 163 166]
  [178 164 167]
  [180 166 169]
  ...
  [183 170 177]
  [184 171 178]
  [184 171 178]]

 [[177 163 165]
  [178 164 166]
  [180 166 168]
  ...
  [183 171 176]
  [183 170 177]
  [183 170 177]]

 [[176 162 164]
  [178 164 166]
  [178 167 168]
  ...
  [182 170 175]
  [182 170 175]
  [182 170 175]]

 ...

 [[206 193 200]
  [211 198 205]
  [210 198 203]
  ...
  [ 24  36  47]
  [ 24  34  45]
  [ 24  34  45]]

 [[211 199 204]
  [209 197 202]
  [208 198 203]
  ...
  [ 26  38  49]
  [ 25  37  48]
  [ 25  37  48]]

 [[207 195 200]
  [210 198 203]
  [210 198 203]
  ...
  [ 26  37  51]
  [ 24  36  47]
  [ 23  35  46]]]",Sad,"[[ 54  57  62 ... 185 182 182]
 [ 51  53  57 ... 186 182 182]
 [ 50  51  54 ... 186 183 183]
 ...
 [197 199 197 ... 179 179 179]
 [197 197 196 ... 178 178 175]
 [197 197 197 ... 178 178 181]]",2023-04-13 00:55:04.992332
"[[[174 159 165]
  [177 162 168]
  [179 165 168]
  ...
  [187 171 173]
  [191 170 173]
  [190 169 172]]

 [[172 160 165]
  [174 162 167]
  [179 164 170]
  ...
  [188 172 174]
  [187 171 173]
  [186 170 172]]

 [[173 158 164]
  [174 159 165]
  [177 162 168]
  ...
  [186 173 171]
  [186 173 171]
  [185 172 170]]

 ...

 [[209 196 208]
  [204 191 203]
  [205 193 203]
  ...
  [ 20  31  38]
  [ 20  31  38]
  [ 21  32  39]]

 [[204 193 200]
  [207 196 203]
  [208 197 204]
  ...
  [ 23  30  40]
  [ 21  31  40]
  [ 22  32  41]]

 [[206 194 199]
  [209 197 202]
  [211 199 204]
  ...
  [ 26  33  43]
  [ 25  35  44]
  [ 26  36  45]]]",Sad,"[[ 54  55  57 ... 187 185 183]
 [ 52  52  52 ... 186 185 183]
 [ 51  50  50 ... 186 185 183]
 ...
 [199 199 197 ... 180 180 180]
 [199 199 197 ... 180 180 180]
 [199 199 197 ... 180 180 181]]",2023-04-13 00:55:05.098802
"[[[175 162 169]
  [178 165 172]
  [182 170 175]
  ...
  [187 175 171]
  [187 174 172]
  [188 175 173]]

 [[174 162 167]
  [177 165 170]
  [180 170 175]
  ...
  [187 174 172]
  [187 174 172]
  [188 175 173]]

 [[175 164 166]
  [176 165 167]
  [179 168 170]
  ...
  [187 174 172]
  [188 175 173]
  [188 175 173]]

 ...

 [[210 197 204]
  [216 203 210]
  [209 198 205]
  ...
  [ 23  36  43]
  [ 19  33  37]
  [ 17  31  35]]

 [[211 199 204]
  [210 198 203]
  [210 200 205]
  ...
  [ 24  37  44]
  [ 20  34  38]
  [ 18  32  36]]

 [[214 198 201]
  [214 198 201]
  [211 200 202]
  ...
  [ 25  38  45]
  [ 22  35  42]
  [ 18  31  38]]]",Sad,"[[ 54  59  66 ... 183 185 186]
 [ 53  55  58 ... 187 187 186]
 [ 52  53  53 ... 188 187 187]
 ...
 [199 200 200 ... 181 180 182]
 [199 200 200 ... 182 183 176]
 [199 200 200 ... 182 189 182]]",2023-04-13 00:55:05.204466
"[[[184 161 170]
  [186 163 172]
  [189 167 174]
  ...
  [191 172 175]
  [193 172 174]
  [193 172 174]]

 [[182 162 169]
  [184 164 171]
  [187 167 174]
  ...
  [190 174 175]
  [192 173 175]
  [192 173 175]]

 [[182 163 167]
  [184 165 169]
  [187 168 172]
  ...
  [192 176 177]
  [193 177 178]
  [192 176 177]]

 ...

 [[215 195 202]
  [220 200 207]
  [218 199 202]
  ...
  [ 23  35  46]
  [ 21  36  44]
  [ 22  37  45]]

 [[217 196 198]
  [221 200 202]
  [222 202 201]
  ...
  [ 24  39  49]
  [ 23  38  48]
  [ 22  37  47]]

 [[218 198 197]
  [221 201 200]
  [222 202 201]
  ...
  [ 27  38  52]
  [ 23  38  48]
  [ 22  37  47]]]",Fearful,"[[ 53  54  55 ... 189 190 189]
 [ 52  52  53 ... 189 188 188]
 [ 51  52  52 ... 189 188 188]
 ...
 [200 200 200 ... 178 119  69]
 [200 200 200 ... 189 172 142]
 [200 200 200 ... 183 189 183]]",2023-04-13 00:55:05.308684
"[[[185 169 171]
  [187 171 173]
  [190 171 174]
  ...
  [190 176 179]
  [190 176 179]
  [191 177 180]]

 [[186 170 172]
  [187 171 173]
  [188 172 174]
  ...
  [190 176 179]
  [191 177 180]
  [191 177 180]]

 [[184 170 171]
  [185 171 172]
  [185 171 173]
  ...
  [191 177 179]
  [191 177 179]
  [192 178 180]]

 ...

 [[212 199 206]
  [216 203 210]
  [222 207 213]
  ...
  [ 24  36  40]
  [ 26  38  42]
  [ 28  40  44]]

 [[213 201 206]
  [216 204 209]
  [219 205 208]
  ...
  [ 28  37  42]
  [ 29  38  43]
  [ 33  42  47]]

 [[214 200 203]
  [218 204 207]
  [219 205 208]
  ...
  [ 30  39  44]
  [ 33  42  47]
  [ 34  43  48]]]",Fearful,"[[ 53  54  58 ... 194 189 189]
 [ 54  55  57 ... 192 190 190]
 [ 54  54  54 ... 192 192 190]
 ...
 [202 201 201 ... 174  80  67]
 [202 202 202 ... 176  83  51]
 [202 202 202 ... 192 130  76]]",2023-04-13 00:55:05.411680
"[[[182 173 175]
  [184 175 177]
  [186 175 176]
  ...
  [196 180 183]
  [196 180 183]
  [196 180 183]]

 [[181 172 174]
  [183 174 176]
  [186 175 176]
  ...
  [194 180 182]
  [194 180 182]
  [194 180 182]]

 [[182 171 172]
  [185 174 175]
  [186 175 176]
  ...
  [194 180 182]
  [193 179 181]
  [192 178 180]]

 ...

 [[211 199 209]
  [218 206 216]
  [217 206 213]
  ...
  [ 26  38  47]
  [ 27  39  48]
  [ 29  41  50]]

 [[214 203 210]
  [217 206 213]
  [219 209 214]
  ...
  [ 29  41  50]
  [ 29  41  50]
  [ 29  41  50]]

 [[216 201 207]
  [220 205 211]
  [222 207 213]
  ...
  [ 27  42  50]
  [ 27  42  50]
  [ 25  40  48]]]",Sad,"[[ 59  61  62 ... 193 194 195]
 [ 58  59  59 ... 194 194 194]
 [ 54  53  53 ... 194 195 195]
 ...
 [204 204 203 ... 186 185 183]
 [204 206 206 ... 186 185 186]
 [206 206 206 ... 186 187 195]]",2023-04-13 00:55:05.534603
"[[[194 172 171]
  [196 174 173]
  [198 176 175]
  ...
  [197 181 183]
  [197 181 183]
  [196 180 182]]

 [[192 172 171]
  [194 174 173]
  [196 176 175]
  ...
  [197 181 183]
  [194 180 182]
  [194 180 182]]

 [[191 172 169]
  [193 174 171]
  [194 174 173]
  ...
  [194 180 181]
  [194 180 181]
  [194 180 181]]

 ...

 [[213 201 206]
  [224 212 217]
  [221 210 211]
  ...
  [  8  33  38]
  [ 14  32  38]
  [ 15  33  39]]

 [[218 204 205]
  [221 207 208]
  [223 209 210]
  ...
  [  8  33  38]
  [ 14  32  38]
  [ 15  33  39]]

 [[220 201 203]
  [224 205 207]
  [225 206 208]
  ...
  [  8  36  40]
  [ 16  35  38]
  [ 18  37  40]]]",Sad,"[[ 62  64  65 ... 189 194 195]
 [ 60  59  60 ... 191 193 195]
 [ 58  55  55 ... 193 193 194]
 ...
 [206 205 205 ... 188 185 183]
 [207 206 204 ... 183 185 188]
 [207 206 204 ... 187 185 196]]",2023-04-13 00:55:05.655951
"[[[187 174 172]
  [191 178 176]
  [192 179 177]
  ...
  [202 183 185]
  [200 184 185]
  [201 185 186]]

 [[187 174 172]
  [190 177 175]
  [192 179 177]
  ...
  [200 184 185]
  [200 184 185]
  [200 184 185]]

 [[186 173 171]
  [188 175 173]
  [191 178 176]
  ...
  [200 184 185]
  [200 184 185]
  [200 184 185]]

 ...

 [[222 208 211]
  [226 212 215]
  [229 208 211]
  ...
  [ 22  43  55]
  [ 22  43  55]
  [ 24  45  57]]

 [[227 211 205]
  [227 211 205]
  [235 211 209]
  ...
  [ 21  44  56]
  [ 22  45  57]
  [ 24  47  59]]

 [[225 209 203]
  [229 213 207]
  [233 213 207]
  ...
  [ 21  44  56]
  [ 22  45  57]
  [ 24  47  59]]]",Sad,"[[ 59  59  58 ... 197 197 196]
 [ 57  55  54 ... 197 197 195]
 [ 55  54  54 ... 197 196 196]
 ...
 [208 209 209 ... 190 173 103]
 [208 209 209 ... 197 160  78]
 [208 209 209 ... 196 136  60]]",2023-04-13 00:55:05.772978
"[[[204 183 186]
  [205 184 187]
  [205 186 189]
  ...
  [202 189 187]
  [202 188 189]
  [201 187 188]]

 [[203 184 186]
  [204 185 187]
  [205 186 188]
  ...
  [201 189 185]
  [201 188 186]
  [201 188 186]]

 [[201 186 184]
  [203 188 186]
  [203 188 186]
  ...
  [201 189 185]
  [202 189 187]
  [202 189 187]]

 ...

 [[199 197 197]
  [213 211 211]
  [217 217 211]
  ...
  [ 31  39  55]
  [ 31  39  55]
  [ 31  39  55]]

 [[224 223 219]
  [215 214 210]
  [219 219 213]
  ...
  [ 28  35  54]
  [ 29  36  55]
  [ 33  40  59]]

 [[212 212 206]
  [217 217 211]
  [218 219 210]
  ...
  [ 28  35  54]
  [ 31  38  57]
  [ 33  40  59]]]",Neutral,"[[181 160 112 ...  94  93  90]
 [158 116  88 ...  90  89  90]
 [109  86  84 ...  93  91  91]
 ...
 [214 216 218 ... 196 197 197]
 [217 217 217 ... 197 197 197]
 [215 214 217 ... 195 193 194]]",2023-04-13 00:57:34.661627
"[[[168 161 170]
  [171 164 173]
  [178 168 178]
  ...
  [190 176 178]
  [189 178 179]
  [186 175 176]]

 [[165 163 169]
  [167 165 171]
  [176 170 176]
  ...
  [186 175 175]
  [188 177 177]
  [188 177 177]]

 [[165 164 168]
  [167 166 170]
  [170 167 171]
  ...
  [185 174 174]
  [186 177 177]
  [186 177 177]]

 ...

 [[222 204 203]
  [222 204 203]
  [220 205 203]
  ...
  [ 22  25  47]
  [ 22  29  48]
  [ 27  34  53]]

 [[221 200 202]
  [220 199 201]
  [222 201 203]
  ...
  [ 24  26  46]
  [ 28  32  52]
  [ 37  41  61]]

 [[224 201 203]
  [222 199 201]
  [221 200 202]
  ...
  [ 31  31  51]
  [ 35  37  57]
  [ 42  44  64]]]",Fearful,"[[ 41  41  41 ... 196 194 194]
 [ 42  42  40 ... 196 195 194]
 [ 41  41  41 ... 204 196 194]
 ...
 [220 218 188 ...  45 109 195]
 [217 222 195 ...  48 129 204]
 [215 223 186 ...  77 150 200]]",2023-04-13 00:58:31.418500
"[[[173 161 157]
  [176 164 160]
  [178 168 159]
  ...
  [192 171 175]
  [192 171 175]
  [193 172 176]]

 [[173 159 160]
  [177 163 164]
  [179 166 164]
  ...
  [188 169 172]
  [187 168 171]
  [190 171 174]]

 [[172 158 160]
  [177 163 165]
  [179 165 166]
  ...
  [184 165 167]
  [183 164 167]
  [188 169 172]]

 ...

 [[216 200 202]
  [217 201 203]
  [217 201 202]
  ...
  [ 19  36  46]
  [ 20  37  47]
  [ 20  37  47]]

 [[218 202 203]
  [218 202 203]
  [217 201 202]
  ...
  [ 19  36  44]
  [ 20  37  45]
  [ 22  39  47]]

 [[220 202 201]
  [220 202 201]
  [219 201 200]
  ...
  [ 23  41  47]
  [ 23  40  48]
  [ 23  40  48]]]",Fearful,"[[ 43  44  45 ... 199 199 198]
 [ 40  43  44 ... 198 195 199]
 [ 39  43  44 ... 190 190 192]
 ...
 [224 185  91 ... 196 201 196]
 [216 193 121 ... 208 202 201]
 [218 191 138 ... 205 196 201]]",2023-04-13 00:58:31.537198
"[[[177 157 164]
  [181 161 168]
  [183 166 172]
  ...
  [178 176 176]
  [177 175 174]
  [175 173 172]]

 [[178 161 167]
  [179 162 168]
  [183 168 174]
  ...
  [175 173 174]
  [176 174 175]
  [175 173 174]]

 [[174 163 165]
  [176 165 167]
  [182 171 173]
  ...
  [175 171 172]
  [180 178 179]
  [175 173 174]]

 ...

 [[219 198 202]
  [219 198 202]
  [220 199 203]
  ...
  [ 20  34  47]
  [ 22  36  49]
  [ 25  39  52]]

 [[220 198 205]
  [221 199 206]
  [221 200 204]
  ...
  [ 22  36  49]
  [ 23  38  48]
  [ 24  39  49]]

 [[221 197 204]
  [222 198 205]
  [221 197 204]
  ...
  [ 24  35  49]
  [ 22  34  45]
  [ 19  31  42]]]",Fearful,"[[ 40  41  43 ... 196 197 200]
 [ 38  41  45 ... 196 196 196]
 [ 36  41  47 ... 199 197 201]
 ...
 [229 186 109 ...  91 136 200]
 [226 186 108 ...  57 165 203]
 [220 187 101 ...  77 189 203]]",2023-04-13 00:58:31.648293
"[[[179 163 165]
  [176 160 162]
  [177 158 161]
  ...
  [188 169 173]
  [187 168 172]
  [187 168 172]]

 [[176 162 164]
  [176 162 164]
  [176 160 162]
  ...
  [185 171 173]
  [185 169 171]
  [185 169 171]]

 [[176 162 164]
  [174 160 162]
  [174 160 162]
  ...
  [183 169 171]
  [183 169 171]
  [185 171 173]]

 ...

 [[215 201 204]
  [215 201 204]
  [215 199 201]
  ...
  [ 19  37  43]
  [ 16  40  42]
  [ 15  39  41]]

 [[213 199 201]
  [214 200 202]
  [212 198 200]
  ...
  [ 16  34  40]
  [ 16  37  40]
  [ 16  37  40]]

 [[213 197 199]
  [210 194 196]
  [210 194 196]
  ...
  [ 17  34  37]
  [ 18  37  40]
  [ 19  38  41]]]",Fearful,"[[ 43  43  45 ... 202 201 199]
 [ 41  43  45 ... 201 200 200]
 [ 40  43  45 ... 201 201 201]
 ...
 [218 218 192 ... 152 118 123]
 [222 222 201 ... 102  97 116]
 [220 225 183 ...  59  52  87]]",2023-04-13 00:58:31.761035
"[[[182 163 167]
  [183 164 168]
  [183 164 168]
  ...
  [175 173 174]
  [177 173 174]
  [178 174 175]]

 [[181 165 167]
  [182 166 168]
  [182 166 168]
  ...
  [177 173 173]
  [178 174 174]
  [179 175 175]]

 [[179 165 167]
  [181 167 169]
  [183 169 171]
  ...
  [179 175 175]
  [180 176 176]
  [182 178 178]]

 ...

 [[214 199 197]
  [215 200 198]
  [216 200 201]
  ...
  [ 23  38  46]
  [ 20  35  43]
  [ 17  32  40]]

 [[215 200 198]
  [215 200 198]
  [216 201 199]
  ...
  [ 24  34  43]
  [ 22  34  45]
  [ 22  34  45]]

 [[216 198 197]
  [217 199 198]
  [217 199 198]
  ...
  [ 26  29  39]
  [ 24  34  45]
  [ 26  36  47]]]",Fearful,"[[ 44  47  46 ... 199 200 195]
 [ 46  47  46 ... 197 197 197]
 [ 45  47  45 ... 201 200 200]
 ...
 [227 216 140 ...  69  53 110]
 [229 213 147 ...  80  62  95]
 [225 216 158 ...  95  87 100]]",2023-04-13 00:58:31.868226
"[[[170 156 158]
  [172 158 160]
  [176 160 163]
  ...
  [182 176 182]
  [183 176 185]
  [183 176 185]]

 [[164 157 158]
  [166 159 160]
  [172 163 164]
  ...
  [180 174 180]
  [183 177 183]
  [183 177 183]]

 [[165 158 159]
  [170 163 164]
  [174 167 168]
  ...
  [180 174 180]
  [180 174 180]
  [180 174 180]]

 ...

 [[207 200 201]
  [206 199 200]
  [206 199 199]
  ...
  [ 29  36  48]
  [ 28  35  40]
  [ 24  31  36]]

 [[213 202 203]
  [210 199 200]
  [211 200 201]
  ...
  [ 28  35  47]
  [ 26  34  42]
  [ 23  31  39]]

 [[214 200 202]
  [213 199 201]
  [213 199 200]
  ...
  [ 29  35  50]
  [ 27  35  43]
  [ 24  32  40]]]",Fearful,"[[ 39  40  41 ... 202 208 206]
 [ 39  40  41 ... 209 211 204]
 [ 40  41  41 ... 211 212 209]
 ...
 [130 130 145 ...  80  98 141]
 [148 155 128 ...  91 104 135]
 [158 161 114 ... 124 129 133]]",2023-04-13 00:58:32.268767
"[[[177 163 164]
  [179 165 166]
  [178 167 167]
  ...
  [186 177 178]
  [184 175 176]
  [183 174 175]]

 [[175 164 164]
  [176 165 165]
  [179 168 168]
  ...
  [182 175 176]
  [181 174 175]
  [181 174 175]]

 [[172 161 161]
  [176 165 165]
  [179 168 168]
  ...
  [178 174 173]
  [179 175 174]
  [178 174 173]]

 ...

 [[215 202 200]
  [215 202 200]
  [217 202 200]
  ...
  [ 12  31  41]
  [ 13  32  42]
  [ 13  32  42]]

 [[212 194 193]
  [218 200 199]
  [221 201 200]
  ...
  [ 10  32  41]
  [ 12  33  45]
  [ 15  36  48]]

 [[215 195 194]
  [218 198 197]
  [221 199 198]
  ...
  [ 14  35  47]
  [ 15  35  49]
  [ 16  36  50]]]",Happy,"[[ 38  39  41 ... 206 208 204]
 [ 39  41  43 ... 206 207 206]
 [ 40  41  43 ... 204 204 203]
 ...
 [183 129 128 ...  91  75  77]
 [148 146 155 ... 109 112 122]
 [151 165 186 ... 115 121 124]]",2023-04-13 00:58:32.377005
"[[[170 166 172]
  [174 170 176]
  [172 171 180]
  ...
  [186 175 177]
  [188 177 179]
  [189 178 180]]

 [[168 165 169]
  [169 166 170]
  [171 169 175]
  ...
  [185 174 175]
  [185 174 175]
  [186 175 176]]

 [[168 165 169]
  [168 165 169]
  [169 168 172]
  ...
  [184 173 173]
  [184 173 173]
  [184 173 173]]

 ...

 [[223 202 199]
  [223 202 199]
  [222 203 200]
  ...
  [ 16  30  43]
  [ 16  29  44]
  [ 16  29  44]]

 [[221 200 197]
  [224 203 200]
  [224 203 200]
  ...
  [ 17  28  42]
  [ 17  28  42]
  [ 19  30  44]]

 [[220 199 196]
  [222 201 198]
  [223 202 199]
  ...
  [ 21  28  40]
  [ 19  28  42]
  [ 20  29  43]]]",Happy,"[[ 40  39  39 ... 208 207 210]
 [ 41  39  38 ... 204 207 207]
 [ 41  41  39 ... 207 206 204]
 ...
 [188 170 140 ... 178 103 107]
 [173 173 158 ... 182 107 121]
 [173 178 199 ... 194 121 133]]",2023-04-13 00:58:32.487564
"[[[176 165 165]
  [177 166 166]
  [179 169 166]
  ...
  [182 171 171]
  [186 173 171]
  [187 174 172]]

 [[175 164 164]
  [177 166 166]
  [179 169 166]
  ...
  [178 171 172]
  [181 172 172]
  [182 173 173]]

 [[173 164 165]
  [174 165 166]
  [176 167 167]
  ...
  [179 175 175]
  [181 174 174]
  [180 173 173]]

 ...

 [[220 204 205]
  [220 204 205]
  [216 200 201]
  ...
  [ 22  36  49]
  [ 20  37  47]
  [ 21  38  48]]

 [[210 194 195]
  [217 201 202]
  [217 201 202]
  ...
  [ 23  37  50]
  [ 23  38  48]
  [ 23  38  48]]

 [[215 196 198]
  [218 199 201]
  [220 202 201]
  ...
  [ 24  35  49]
  [ 22  37  47]
  [ 21  36  46]]]",Fearful,"[[ 37  36  35 ... 214 206 208]
 [ 36  34  33 ... 208 210 213]
 [ 33  32  31 ... 207 208 213]
 ...
 [ 75  94 146 ... 132 186 210]
 [ 77  90 179 ... 150 209 201]
 [ 84 101 210 ... 187 215 201]]",2023-04-13 00:58:32.596137
"[[[165 165 166]
  [162 162 163]
  [168 161 163]
  ...
  [186 171 177]
  [186 171 177]
  [187 172 178]]

 [[160 162 162]
  [159 161 161]
  [166 164 164]
  ...
  [184 173 175]
  [185 173 178]
  [185 173 178]]

 [[164 162 162]
  [166 164 164]
  [167 165 165]
  ...
  [184 173 174]
  [184 173 174]
  [184 173 174]]

 ...

 [[218 209 204]
  [218 209 204]
  [217 207 204]
  ...
  [ 22  34  43]
  [ 21  30  44]
  [ 21  30  44]]

 [[221 208 206]
  [221 208 206]
  [218 208 205]
  ...
  [ 24  34  43]
  [ 23  29  44]
  [ 23  29  44]]

 [[221 208 206]
  [222 209 207]
  [220 207 205]
  ...
  [ 21  28  38]
  [ 21  27  42]
  [ 24  30  45]]]",Fearful,"[[ 33  35  34 ... 211 211 210]
 [ 35  35  36 ... 209 211 211]
 [ 36  36  37 ... 208 210 207]
 ...
 [252 215 179 ... 216 204 204]
 [244 176 186 ... 209 206 204]
 [209 146 173 ... 208 206 204]]",2023-04-13 00:58:32.708987
"[[[177 170 160]
  [178 171 161]
  [183 175 167]
  ...
  [191 168 171]
  [193 171 164]
  [196 174 167]]

 [[177 170 160]
  [179 172 162]
  [182 174 166]
  ...
  [189 170 173]
  [190 170 169]
  [192 172 171]]

 [[176 169 159]
  [178 171 161]
  [182 174 166]
  ...
  [188 172 174]
  [186 170 172]
  [186 170 172]]

 ...

 [[218 207 207]
  [214 203 203]
  [212 203 203]
  ...
  [ 15  39  48]
  [ 15  36  48]
  [ 14  35  47]]

 [[219 206 204]
  [218 205 203]
  [216 205 205]
  ...
  [ 17  38  50]
  [ 14  34  48]
  [ 14  34  48]]

 [[220 205 203]
  [218 203 201]
  [216 202 203]
  ...
  [ 18  39  51]
  [ 17  37  51]
  [ 16  36  50]]]",Fearful,"[[ 40  39  36 ... 204 204 207]
 [ 39  37  36 ... 207 207 207]
 [ 36  36  36 ... 203 204 214]
 ...
 [181 189 200 ... 171 205 194]
 [189 195 199 ... 194 207 199]
 [189 195 196 ... 208 204 201]]",2023-04-13 00:58:32.819264
"[[[175 164 164]
  [177 166 166]
  [178 168 165]
  ...
  [183 167 168]
  [189 168 170]
  [190 169 171]]

 [[173 159 160]
  [172 158 159]
  [178 168 165]
  ...
  [183 170 168]
  [185 170 168]
  [187 172 170]]

 [[169 158 158]
  [172 161 161]
  [179 168 168]
  ...
  [182 172 169]
  [183 170 168]
  [185 172 170]]

 ...

 [[217 203 199]
  [213 199 195]
  [219 206 204]
  ...
  [ 26  33  45]
  [ 26  33  45]
  [ 21  28  40]]

 [[215 201 197]
  [215 201 197]
  [218 204 200]
  ...
  [ 25  30  42]
  [ 28  33  45]
  [ 26  31  43]]

 [[215 201 197]
  [216 202 198]
  [217 203 199]
  ...
  [ 30  28  41]
  [ 27  30  40]
  [ 28  31  41]]]",Fearful,"[[ 44  43  42 ... 210 211 213]
 [ 43  42  42 ... 206 211 214]
 [ 40  40  38 ... 204 208 211]
 ...
 [199 199 207 ... 203 202 199]
 [201 203 193 ... 201 200 202]
 [181 192 164 ... 201 203 208]]",2023-04-13 00:58:32.928922
"[[[179 163 166]
  [180 164 167]
  [183 167 170]
  ...
  [183 170 168]
  [184 171 169]
  [187 174 172]]

 [[176 162 165]
  [176 162 165]
  [181 165 168]
  ...
  [181 171 168]
  [182 172 169]
  [186 176 173]]

 [[172 158 161]
  [173 159 162]
  [176 162 165]
  ...
  [179 170 165]
  [183 174 169]
  [186 177 172]]

 ...

 [[220 203 200]
  [222 205 202]
  [222 205 202]
  ...
  [ 15  42  50]
  [ 15  41  52]
  [ 14  40  51]]

 [[222 204 198]
  [224 206 200]
  [224 205 202]
  ...
  [ 20  44  51]
  [ 17  44  52]
  [ 13  40  48]]

 [[222 204 198]
  [222 204 198]
  [222 204 198]
  ...
  [ 20  44  51]
  [ 17  44  50]
  [ 13  40  46]]]",Fearful,"[[ 37  36  38 ... 201 206 210]
 [ 37  39  40 ... 202 203 203]
 [ 37  40  43 ... 203 208 203]
 ...
 [124 121 122 ...  69  53  58]
 [108 124 125 ...  76  67  70]
 [103 111 128 ...  75  72  90]]",2023-04-13 00:58:33.032910
"[[[168 166 166]
  [170 168 168]
  [169 167 166]
  ...
  [187 175 171]
  [189 179 176]
  [190 180 177]]

 [[167 165 164]
  [168 166 165]
  [171 167 166]
  ...
  [179 169 166]
  [188 178 175]
  [189 179 176]]

 [[167 160 160]
  [171 164 164]
  [172 165 165]
  ...
  [179 169 166]
  [186 176 173]
  [186 176 173]]

 ...

 [[216 203 201]
  [216 203 201]
  [219 205 206]
  ...
  [ 16  36  42]
  [ 22  37  45]
  [ 22  37  45]]

 [[218 204 200]
  [220 206 202]
  [221 206 204]
  ...
  [ 18  37  45]
  [ 24  39  47]
  [ 24  39  47]]

 [[220 203 200]
  [222 205 202]
  [222 207 205]
  ...
  [ 21  40  48]
  [ 27  42  50]
  [ 27  42  50]]]",Happy,"[[ 40  39  37 ... 203 203 200]
 [ 39  38  38 ... 206 204 203]
 [ 40  38  38 ... 203 197 200]
 ...
 [119 139 151 ...  71  73  58]
 [112 150 144 ...  74  72  66]
 [138 146 152 ...  62  60 101]]",2023-04-13 00:58:33.140975
"[[[176 162 163]
  [177 163 164]
  [177 163 164]
  ...
  [182 171 171]
  [183 172 173]
  [185 174 175]]

 [[174 161 159]
  [177 164 162]
  [178 165 163]
  ...
  [184 173 173]
  [184 173 174]
  [185 174 175]]

 [[173 159 160]
  [177 163 164]
  [179 165 166]
  ...
  [182 173 173]
  [183 174 174]
  [183 174 174]]

 ...

 [[217 199 198]
  [218 200 199]
  [217 199 198]
  ...
  [ 23  35  46]
  [ 24  36  47]
  [ 22  34  45]]

 [[217 199 198]
  [217 199 198]
  [217 199 198]
  ...
  [ 29  41  52]
  [ 27  42  52]
  [ 22  37  47]]

 [[217 199 198]
  [218 200 199]
  [219 201 200]
  ...
  [ 31  43  54]
  [ 28  43  53]
  [ 22  37  47]]]",Fearful,"[[ 43  43  43 ... 199 199 201]
 [ 41  43  43 ... 199 199 201]
 [ 40  40  41 ... 200 199 202]
 ...
 [213 216 216 ...  54  38  87]
 [212 212 213 ...  59  42 109]
 [210 211 211 ...  67  66 146]]",2023-04-13 00:58:33.248976
"[[[169 163 169]
  [170 164 170]
  [174 166 171]
  ...
  [183 167 168]
  [185 166 169]
  [190 171 174]]

 [[169 164 168]
  [170 165 169]
  [175 167 172]
  ...
  [184 171 169]
  [184 170 171]
  [186 172 173]]

 [[170 165 169]
  [171 166 170]
  [177 170 172]
  ...
  [185 176 171]
  [183 173 170]
  [184 174 171]]

 ...

 [[217 206 207]
  [218 207 208]
  [220 206 208]
  ...
  [ 19  29  45]
  [ 18  33  43]
  [ 22  37  47]]

 [[209 198 199]
  [216 205 206]
  [219 205 207]
  ...
  [ 22  30  46]
  [ 24  35  49]
  [ 27  38  52]]

 [[211 200 201]
  [214 203 204]
  [219 205 207]
  ...
  [ 28  33  50]
  [ 27  38  52]
  [ 29  40  54]]]",Fearful,"[[ 41  40  40 ... 200 199 196]
 [ 41  40  40 ... 200 200 200]
 [ 43  41  41 ... 198 201 200]
 ...
 [223 203 114 ... 114  73  48]
 [225 196 121 ...  90  53  60]
 [225 195 115 ...  69  67  66]]",2023-04-13 00:58:33.355960
"[[[180 162 156]
  [184 166 160]
  [185 167 161]
  ...
  [181 172 172]
  [179 172 172]
  [179 172 172]]

 [[178 162 156]
  [181 165 159]
  [182 166 160]
  ...
  [180 173 173]
  [180 174 171]
  [181 175 172]]

 [[178 162 156]
  [181 165 159]
  [183 167 161]
  ...
  [181 175 172]
  [181 175 172]
  [184 178 175]]

 ...

 [[148 137 130]
  [150 139 132]
  [160 148 144]
  ...
  [ 28  34  42]
  [ 28  33  38]
  [ 30  35  40]]

 [[181 176 159]
  [177 172 155]
  [172 166 151]
  ...
  [ 27  35  43]
  [ 29  36  41]
  [ 28  35  40]]

 [[203 200 178]
  [198 195 173]
  [199 193 172]
  ...
  [ 24  32  40]
  [ 26  35  40]
  [ 26  35  40]]]",Happy,"[[ 58  58  60 ... 111 109 108]
 [ 55  58  60 ... 111 109 106]
 [ 54  57  59 ... 112 110 108]
 ...
 [194 193 193 ... 178 181 180]
 [190 192 188 ... 180 182 179]
 [189 192 190 ... 176 169 171]]",2023-04-13 00:59:49.889547
"[[[176 167 167]
  [179 170 170]
  [181 170 170]
  ...
  [185 174 167]
  [187 174 167]
  [187 174 167]]

 [[174 168 165]
  [177 171 168]
  [179 171 168]
  ...
  [183 175 167]
  [185 174 167]
  [186 175 168]]

 [[172 166 163]
  [173 167 164]
  [173 167 164]
  ...
  [182 174 166]
  [184 173 166]
  [185 174 167]]

 ...

 [[149 138 131]
  [156 145 138]
  [161 153 145]
  ...
  [ 24  34  45]
  [ 22  34  43]
  [ 23  35  44]]

 [[170 165 153]
  [175 170 158]
  [183 176 164]
  ...
  [ 18  33  43]
  [ 20  35  43]
  [ 17  32  40]]

 [[193 192 175]
  [193 192 175]
  [191 189 169]
  ...
  [ 15  32  40]
  [ 16  31  39]
  [ 14  29  37]]]",Happy,"[[ 76  61  61 ... 128 129 130]
 [ 69  60  60 ... 129 129 129]
 [ 60  59  59 ... 130 126 125]
 ...
 [ 84 104 130 ... 174 129 119]
 [ 81  77  84 ... 166 139 133]
 [ 72  76  72 ... 179 167 161]]",2023-04-13 00:59:50.004102
"[[[176 160 162]
  [179 163 165]
  [181 165 167]
  ...
  [178 171 173]
  [180 171 173]
  [180 171 173]]

 [[175 159 161]
  [176 160 162]
  [181 165 166]
  ...
  [177 173 174]
  [178 171 173]
  [178 171 173]]

 [[172 156 158]
  [173 157 159]
  [180 164 166]
  ...
  [178 174 174]
  [180 173 174]
  [179 172 173]]

 ...

 [[146 130 132]
  [149 133 135]
  [149 135 137]
  ...
  [ 26  28  34]
  [ 27  30  34]
  [ 28  31  35]]

 [[163 148 140]
  [163 148 140]
  [162 147 139]
  ...
  [ 29  26  30]
  [ 33  29  30]
  [ 35  31  32]]

 [[173 158 136]
  [173 158 136]
  [173 158 138]
  ...
  [ 31  26  30]
  [ 35  26  27]
  [ 37  28  29]]]",Happy,"[[ 52  52  52 ... 192 194 192]
 [ 51  51  52 ... 192 189 194]
 [ 51  51  51 ... 194 194 192]
 ...
 [ 47  45  45 ... 186 187 188]
 [ 58  55  55 ... 186 183 194]
 [ 61  61  61 ... 185 189 189]]",2023-04-13 01:06:01.695433
"[[[172 162 167]
  [172 162 167]
  [176 166 171]
  ...
  [179 169 174]
  [181 165 173]
  [181 165 173]]

 [[173 164 166]
  [173 164 166]
  [176 167 169]
  ...
  [177 169 174]
  [179 169 174]
  [179 169 174]]

 [[173 164 165]
  [173 164 165]
  [176 167 168]
  ...
  [178 171 173]
  [180 171 173]
  [180 171 173]]

 ...

 [[135 127 132]
  [138 130 135]
  [136 130 136]
  ...
  [ 26  27  36]
  [ 27  28  37]
  [ 27  28  37]]

 [[160 148 137]
  [165 153 142]
  [163 152 145]
  ...
  [ 26  30  38]
  [ 30  31  40]
  [ 29  30  39]]

 [[172 163 131]
  [176 167 135]
  [180 169 137]
  ...
  [ 25  30  40]
  [ 32  33  42]
  [ 30  31  40]]]",Happy,"[[ 51  50  51 ... 140 127 118]
 [ 52  53  54 ... 187 185 181]
 [ 51  53  55 ... 190 188 193]
 ...
 [136 135 133 ... 188 187 194]
 [161 158 157 ... 189 187 185]
 [138 135 132 ... 188 183 186]]",2023-04-13 01:06:01.822662
"[[[174 158 166]
  [177 161 169]
  [179 162 168]
  ...
  [183 171 176]
  [183 172 174]
  [182 171 173]]

 [[172 157 163]
  [174 159 165]
  [178 161 167]
  ...
  [183 172 174]
  [182 171 173]
  [182 171 173]]

 [[170 155 161]
  [173 158 164]
  [174 160 163]
  ...
  [183 172 174]
  [182 171 173]
  [182 171 173]]

 ...

 [[144 117 125]
  [152 125 133]
  [150 125 134]
  ...
  [ 28  30  50]
  [ 26  29  46]
  [ 25  28  45]]

 [[175 145 134]
  [167 137 126]
  [159 130 122]
  ...
  [ 28  30  50]
  [ 26  29  46]
  [ 24  27  44]]

 [[189 161 137]
  [187 159 135]
  [185 158 138]
  ...
  [ 30  31  48]
  [ 27  29  44]
  [ 25  27  42]]]",Happy,"[[ 47  47  47 ... 108 110 112]
 [ 44  44  44 ... 110 112 113]
 [ 41  39  39 ... 110 111 114]
 ...
 [132 168 180 ... 152 145 102]
 [ 91 115 119 ... 152 147 133]
 [ 68  61  73 ... 152 151 128]]",2023-04-13 01:06:01.940766
"[[[166 159 168]
  [168 161 170]
  [173 161 171]
  ...
  [185 174 176]
  [183 172 174]
  [181 170 172]]

 [[164 159 168]
  [166 161 170]
  [169 163 169]
  ...
  [185 174 176]
  [182 171 173]
  [179 168 170]]

 [[166 160 166]
  [170 164 170]
  [172 166 172]
  ...
  [184 173 175]
  [181 170 172]
  [179 168 170]]

 ...

 [[142 123 127]
  [149 130 134]
  [145 128 134]
  ...
  [ 24  27  44]
  [ 19  27  43]
  [ 19  27  43]]

 [[167 143 136]
  [164 140 133]
  [166 144 137]
  ...
  [ 20  28  44]
  [ 18  28  44]
  [ 19  29  45]]

 [[180 162 129]
  [183 165 132]
  [188 169 139]
  ...
  [ 20  31  45]
  [ 18  31  46]
  [ 18  31  46]]]",Happy,"[[ 48  45  43 ... 104 108 108]
 [ 45  44  41 ... 104 109 108]
 [ 43  41  40 ... 105 114 111]
 ...
 [206 207 210 ... 147 126 100]
 [193 200 202 ... 145 127  67]
 [166 166 161 ... 151 119  72]]",2023-04-13 01:06:02.053821
"[[[178 159 161]
  [181 162 164]
  [183 162 165]
  ...
  [190 176 178]
  [188 177 178]
  [186 175 176]]

 [[175 159 160]
  [179 163 164]
  [181 162 165]
  ...
  [188 174 175]
  [188 174 175]
  [188 174 175]]

 [[176 162 163]
  [177 163 164]
  [179 163 165]
  ...
  [185 171 172]
  [185 174 174]
  [185 174 174]]

 ...

 [[136 120 128]
  [141 125 133]
  [132 119 126]
  ...
  [ 19  24  41]
  [ 21  24  36]
  [ 21  24  36]]

 [[165 149 131]
  [166 150 132]
  [165 150 135]
  ...
  [ 23  27  42]
  [ 28  28  41]
  [ 28  28  41]]

 [[179 164 128]
  [177 162 126]
  [182 169 135]
  ...
  [ 30  32  47]
  [ 33  33  46]
  [ 33  33  46]]]",Happy,"[[ 43  43  43 ... 204 203 204]
 [ 43  43  43 ... 204 203 204]
 [ 43  43  43 ... 204 204 206]
 ...
 [172 131 121 ... 197 197 199]
 [159 103 116 ... 200 199 199]
 [158 110 117 ... 200 201 199]]",2023-04-13 01:06:02.162575
"[[[184 159 168]
  [184 159 168]
  [187 159 169]
  ...
  [185 166 168]
  [187 168 170]
  [187 168 170]]

 [[183 160 169]
  [184 161 170]
  [184 161 170]
  ...
  [183 169 170]
  [186 170 171]
  [186 170 171]]

 [[183 162 171]
  [184 163 172]
  [183 162 171]
  ...
  [182 171 171]
  [184 170 172]
  [183 169 171]]

 ...

 [[146 123 132]
  [151 128 137]
  [147 125 137]
  ...
  [ 19  33  51]
  [ 21  36  51]
  [ 23  38  53]]

 [[157 132 132]
  [164 139 139]
  [162 136 140]
  ...
  [ 23  37  55]
  [ 23  37  55]
  [ 25  39  57]]

 [[188 164 155]
  [185 161 152]
  [182 157 152]
  ...
  [ 25  39  57]
  [ 25  39  57]
  [ 25  39  57]]]",Happy,"[[ 38  39  41 ... 105 108 107]
 [ 39  41  43 ... 105 115 105]
 [ 40  40  43 ... 145 139 122]
 ...
 [108 121 131 ... 168 169 166]
 [132 144 154 ... 181 181 180]
 [163 164 163 ... 190 185 182]]",2023-04-13 01:06:02.272035
"[[[172 160 165]
  [175 163 168]
  [178 164 167]
  ...
  [190 169 173]
  [188 169 173]
  [188 169 173]]

 [[172 162 167]
  [173 163 168]
  [178 164 167]
  ...
  [189 168 171]
  [188 169 172]
  [188 169 172]]

 [[172 163 165]
  [173 164 166]
  [175 164 166]
  ...
  [185 166 169]
  [185 166 169]
  [185 166 169]]

 ...

 [[134 112 119]
  [140 118 125]
  [146 124 131]
  ...
  [ 19  22  44]
  [ 18  25  44]
  [ 21  28  47]]

 [[156 139 131]
  [157 140 132]
  [160 141 133]
  ...
  [ 29  23  46]
  [ 25  24  46]
  [ 27  26  48]]

 [[175 168 136]
  [166 159 127]
  [168 156 126]
  ...
  [ 37  26  47]
  [ 32  24  47]
  [ 32  24  47]]]",Happy,"[[ 43  43  43 ... 108 108 107]
 [ 43  43  41 ... 113 108 110]
 [ 43  41  39 ... 122 112 115]
 ...
 [102  90  95 ... 143 133 132]
 [133 126 131 ... 152 145 138]
 [159 158 160 ... 178 172 172]]",2023-04-13 01:06:02.385614
"[[[182 161 164]
  [183 162 165]
  [183 162 165]
  ...
  [188 169 172]
  [187 168 171]
  [185 166 169]]

 [[178 159 161]
  [180 161 163]
  [181 162 164]
  ...
  [186 170 172]
  [182 166 168]
  [182 166 168]]

 [[176 160 161]
  [178 162 163]
  [179 163 164]
  ...
  [184 170 172]
  [181 167 169]
  [181 167 169]]

 ...

 [[140 118 130]
  [148 126 138]
  [150 131 142]
  ...
  [ 28  31  43]
  [ 32  30  41]
  [ 34  32  43]]

 [[151 130 132]
  [170 149 151]
  [171 150 152]
  ...
  [ 27  34  46]
  [ 30  30  41]
  [ 33  33  44]]

 [[186 170 152]
  [184 168 150]
  [178 164 146]
  ...
  [ 28  34  49]
  [ 26  31  41]
  [ 28  33  43]]]",Happy,"[[ 39  43  45 ... 150 136 110]
 [ 42  43  44 ... 207 194 176]
 [ 42  43  43 ... 210 211 214]
 ...
 [ 85 106 159 ... 111 110 108]
 [104 117 154 ... 110 111 111]
 [ 73 107 142 ... 108 108 105]]",2023-04-13 01:06:02.562646
"[[[176 158 166]
  [179 161 169]
  [180 163 169]
  ...
  [185 173 169]
  [186 174 170]
  [185 173 169]]

 [[174 162 167]
  [176 164 169]
  [179 164 170]
  ...
  [182 172 169]
  [185 172 170]
  [185 172 170]]

 [[173 163 168]
  [176 166 171]
  [178 166 171]
  ...
  [179 169 166]
  [182 172 169]
  [182 172 169]]

 ...

 [[139 127 132]
  [143 131 136]
  [144 134 139]
  ...
  [ 19  29  38]
  [ 20  36  42]
  [ 24  40  46]]

 [[168 150 144]
  [165 147 141]
  [163 147 141]
  ...
  [ 29  30  39]
  [ 28  39  46]
  [ 31  42  49]]

 [[186 169 145]
  [180 163 139]
  [175 160 138]
  ...
  [ 46  32  42]
  [ 35  41  49]
  [ 35  41  49]]]",Happy,"[[ 37  37  37 ...  97  97  94]
 [ 36  37  38 ... 107 101 104]
 [ 36  38  40 ... 145 139 129]
 ...
 [188 182 135 ... 139 137 145]
 [174 171 160 ... 116 119 117]
 [168 167 167 ...  82  81  81]]",2023-04-13 01:06:02.673564
"[[[173 156 162]
  [174 157 163]
  [178 159 163]
  ...
  [184 173 173]
  [183 174 175]
  [182 173 174]]

 [[172 158 161]
  [172 158 161]
  [178 162 165]
  ...
  [182 174 171]
  [183 174 174]
  [183 174 174]]

 [[170 159 161]
  [171 160 162]
  [175 164 165]
  ...
  [184 176 173]
  [184 176 173]
  [184 176 173]]

 ...

 [[145 131 134]
  [154 140 143]
  [144 134 139]
  ...
  [ 13  31  37]
  [ 16  32  38]
  [ 21  37  43]]

 [[158 147 133]
  [166 155 141]
  [162 152 143]
  ...
  [ 15  33  39]
  [ 18  34  40]
  [ 21  37  43]]

 [[177 169 139]
  [173 165 135]
  [169 163 135]
  ...
  [ 14  32  38]
  [ 16  32  38]
  [ 15  31  37]]]",Happy,"[[ 33  34  37 ... 102  95  94]
 [ 33  36  38 ... 103  96  96]
 [ 34  37  40 ... 148 143 132]
 ...
 [161 138  88 ... 215 222 188]
 [159 109 104 ... 215 216 187]
 [161 144 147 ... 216 216 185]]",2023-04-13 01:06:02.788358
"[[[181 158 160]
  [184 161 163]
  [185 162 165]
  ...
  [187 172 170]
  [186 172 168]
  [183 169 165]]

 [[181 158 160]
  [182 159 161]
  [185 162 164]
  ...
  [183 172 172]
  [183 170 168]
  [181 168 166]]

 [[180 161 163]
  [181 162 164]
  [182 163 165]
  ...
  [181 170 170]
  [183 172 172]
  [182 171 171]]

 ...

 [[138 123 135]
  [142 127 139]
  [144 131 145]
  ...
  [ 30  30  41]
  [ 30  35  40]
  [ 31  36  41]]

 [[159 145 148]
  [154 140 143]
  [158 146 151]
  ...
  [ 28  28  41]
  [ 29  29  40]
  [ 32  32  43]]

 [[175 163 154]
  [178 166 157]
  [178 165 158]
  ...
  [ 25  28  40]
  [ 30  28  39]
  [ 31  29  40]]]",Happy,"[[ 36  37  39 ... 100 101 102]
 [ 36  37  38 ... 101 102 102]
 [ 39  39  39 ... 101 100 101]
 ...
 [154 152 138 ... 213 221 182]
 [154 152 165 ... 214 222 172]
 [155 150 140 ... 213 207 171]]",2023-04-13 01:06:02.898495
"[[[171 151 158]
  [174 154 161]
  [179 158 162]
  ...
  [178 173 177]
  [179 173 179]
  [179 173 179]]

 [[173 156 162]
  [174 157 163]
  [178 161 167]
  ...
  [177 172 176]
  [178 173 177]
  [179 174 178]]

 [[172 157 163]
  [173 158 164]
  [177 162 168]
  ...
  [177 172 176]
  [180 172 177]
  [180 172 177]]

 ...

 [[134 124 129]
  [139 129 134]
  [138 128 133]
  ...
  [ 21  28  40]
  [ 23  30  40]
  [ 29  36  46]]

 [[160 146 142]
  [159 145 141]
  [153 136 133]
  ...
  [ 20  26  41]
  [ 19  29  40]
  [ 24  34  45]]

 [[174 159 139]
  [172 157 137]
  [172 157 135]
  ...
  [ 24  28  43]
  [ 22  29  41]
  [ 24  31  43]]]",Happy,"[[ 37  38  40 ...  98 101 102]
 [ 36  38  40 ... 102 103 102]
 [ 37  38  39 ... 107 104 103]
 ...
 [150 159 158 ... 214 214 214]
 [145 152 151 ... 215 214 210]
 [136 153 155 ... 215 216 214]]",2023-04-13 01:06:03.009920
"[[[178 159 163]
  [181 162 166]
  [184 165 169]
  ...
  [184 164 163]
  [187 166 163]
  [189 168 165]]

 [[178 162 165]
  [180 164 167]
  [182 166 169]
  ...
  [183 165 164]
  [183 165 164]
  [185 167 166]]

 [[175 159 162]
  [179 163 166]
  [177 163 166]
  ...
  [183 168 166]
  [185 170 168]
  [185 170 168]]

 ...

 [[134 122 132]
  [140 128 138]
  [143 130 137]
  ...
  [ 24  30  45]
  [ 22  27  44]
  [ 21  26  43]]

 [[152 136 130]
  [159 143 137]
  [162 146 140]
  ...
  [ 28  27  43]
  [ 26  28  43]
  [ 25  27  42]]

 [[177 163 132]
  [172 158 127]
  [174 159 130]
  ...
  [ 32  31  47]
  [ 31  33  48]
  [ 30  32  47]]]",Happy,"[[ 39  41  43 ... 103 103 101]
 [ 38  39  39 ... 104 107 109]
 [ 37  37  37 ...  98 106 110]
 ...
 [154 170 152 ... 215 214 218]
 [162 171 136 ... 216 215 223]
 [164 164 148 ... 216 215 218]]",2023-04-13 01:06:03.128188
"[[[172 160 165]
  [174 162 167]
  [177 163 166]
  ...
  [188 171 177]
  [188 171 177]
  [188 171 177]]

 [[172 160 165]
  [174 162 167]
  [176 165 167]
  ...
  [187 171 174]
  [188 172 175]
  [188 172 175]]

 [[172 161 163]
  [175 164 166]
  [177 166 168]
  ...
  [183 169 172]
  [185 171 174]
  [186 172 175]]

 ...

 [[136 119 125]
  [158 141 147]
  [142 136 147]
  ...
  [ 31  24  40]
  [ 25  28  40]
  [ 28  31  43]]

 [[148 129 121]
  [170 151 143]
  [156 142 143]
  ...
  [ 30  25  41]
  [ 25  28  40]
  [ 27  30  42]]

 [[182 167 133]
  [186 171 137]
  [184 171 144]
  ...
  [ 31  26  42]
  [ 25  28  40]
  [ 25  28  40]]]",Surprised,"[[ 37  37  37 ...  90  90  90]
 [ 38  38  38 ...  95  94  90]
 [ 38  38  36 ... 109  99  96]
 ...
 [ 64  71  75 ...  59  60  58]
 [ 60  64  67 ...  55  57  59]
 [ 55  62  66 ...  54  52  57]]",2023-04-13 01:06:03.245233
"[[[174 158 161]
  [175 159 162]
  [181 162 165]
  ...
  [183 173 170]
  [181 171 168]
  [181 171 168]]

 [[173 159 162]
  [174 160 163]
  [179 163 165]
  ...
  [181 173 170]
  [179 171 168]
  [179 171 168]]

 [[175 164 166]
  [175 164 166]
  [176 162 164]
  ...
  [181 173 170]
  [179 171 168]
  [179 171 168]]

 ...

 [[144 128 130]
  [150 134 136]
  [148 134 137]
  ...
  [ 10  32  41]
  [ 13  31  44]
  [ 16  34  47]]

 [[157 148 129]
  [160 151 132]
  [161 152 133]
  ...
  [ 12  35  47]
  [ 17  35  48]
  [ 17  35  48]]

 [[174 172 123]
  [168 166 117]
  [171 166 122]
  ...
  [ 15  38  50]
  [ 19  40  52]
  [ 17  38  50]]]",Fearful,"[[ 32  34  35 ...  87  89  89]
 [ 33  34  37 ...  87  88  89]
 [ 34  35  38 ...  86  88  89]
 ...
 [104 114 109 ...  73  66  64]
 [ 67  71  71 ...  67  67  67]
 [ 67  69  69 ...  65  64  67]]",2023-04-13 01:06:03.373162
"[[[173 164 164]
  [174 165 165]
  [178 167 167]
  ...
  [179 175 174]
  [179 176 172]
  [178 175 171]]

 [[173 164 164]
  [174 165 165]
  [177 168 168]
  ...
  [179 176 172]
  [180 177 173]
  [179 176 172]]

 [[172 163 163]
  [173 164 164]
  [177 168 168]
  ...
  [180 174 171]
  [181 175 172]
  [180 174 171]]

 ...

 [[ 33  55 110]
  [ 37  59 114]
  [ 46  66 119]
  ...
  [ 18  22  69]
  [ 17  23  70]
  [ 19  25  72]]

 [[ 34  55 106]
  [ 41  62 113]
  [ 58  77 128]
  ...
  [ 16  20  67]
  [ 16  22  69]
  [ 19  25  72]]

 [[ 37  58 109]
  [ 49  70 121]
  [ 71  88 137]
  ...
  [ 18  22  69]
  [ 17  24  68]
  [ 19  26  70]]]",Sad,"[[ 43  44  45 ... 114 112 112]
 [ 43  43  44 ... 114 112 111]
 [ 43  43  43 ... 111 111 111]
 ...
 [ 72  73  73 ... 168 158 157]
 [ 71  72  72 ... 174 171 160]
 [ 67  69  69 ... 179 179 168]]",2023-04-13 01:11:06.116546
"[[[177 165 161]
  [179 167 163]
  [183 169 165]
  ...
  [186 172 173]
  [186 173 171]
  [185 172 170]]

 [[177 165 161]
  [179 167 163]
  [181 169 165]
  ...
  [184 174 171]
  [183 173 170]
  [183 173 170]]

 [[176 167 162]
  [178 169 164]
  [181 169 165]
  ...
  [183 173 170]
  [183 173 170]
  [184 174 171]]

 ...

 [[ 39  57 110]
  [ 44  62 115]
  [ 56  71 125]
  ...
  [ 21  25  74]
  [ 19  23  70]
  [ 16  20  67]]

 [[ 37  55 108]
  [ 47  65 118]
  [ 65  79 131]
  ...
  [ 20  24  73]
  [ 20  24  73]
  [ 16  20  69]]

 [[ 39  54 108]
  [ 52  67 121]
  [ 69  84 133]
  ...
  [ 21  25  74]
  [ 21  25  74]
  [ 19  23  72]]]",Neutral,"[[ 43  41  41 ... 112 112 112]
 [ 42  41  41 ... 112 112 112]
 [ 42  41  41 ... 114 114 112]
 ...
 [ 79  76  76 ... 188 187 183]
 [ 75  74  74 ... 190 189 183]
 [ 72  71  71 ... 193 190 178]]",2023-04-13 01:11:06.227857
"[[[178 164 166]
  [180 166 168]
  [179 168 169]
  ...
  [182 172 169]
  [182 172 169]
  [181 171 168]]

 [[175 164 165]
  [177 166 167]
  [179 168 169]
  ...
  [182 173 168]
  [182 172 169]
  [182 172 169]]

 [[174 163 163]
  [177 166 166]
  [179 168 168]
  ...
  [183 174 169]
  [183 174 169]
  [182 173 168]]

 ...

 [[ 36  66 111]
  [ 43  73 118]
  [ 55  81 124]
  ...
  [ 61  63 122]
  [ 55  60 118]
  [ 55  60 118]]

 [[ 35  63 108]
  [ 45  73 118]
  [ 63  84 128]
  ...
  [ 62  65 121]
  [ 59  62 118]
  [ 57  60 116]]

 [[ 36  62 105]
  [ 47  73 116]
  [ 65  86 130]
  ...
  [ 65  66 122]
  [ 60  63 119]
  [ 57  60 116]]]",Happy,"[[ 37  39  43 ... 148 142 137]
 [ 37  38  41 ... 160 159 155]
 [ 37  40  43 ... 171 171 168]
 ...
 [138 138 139 ... 135 121 108]
 [109 112 111 ... 139 123 122]
 [ 62  60  67 ... 159 139 139]]",2023-04-13 01:11:06.409948
"[[[176 162 163]
  [178 164 165]
  [180 167 165]
  ...
  [188 171 168]
  [188 171 168]
  [189 172 169]]

 [[174 161 159]
  [178 165 163]
  [180 167 165]
  ...
  [187 173 169]
  [187 174 167]
  [187 174 167]]

 [[176 163 161]
  [178 165 163]
  [181 168 166]
  ...
  [187 173 169]
  [187 174 167]
  [186 173 166]]

 ...

 [[ 46  60 107]
  [ 50  64 111]
  [ 63  72 125]
  ...
  [ 79  73 130]
  [ 77  71 128]
  [ 76  70 127]]

 [[ 48  59 107]
  [ 55  66 114]
  [ 71  79 129]
  ...
  [ 78  73 128]
  [ 76  71 126]
  [ 74  69 124]]

 [[ 50  59 105]
  [ 60  69 115]
  [ 75  84 132]
  ...
  [ 78  73 128]
  [ 78  73 128]
  [ 77  72 127]]]",Happy,"[[ 37  40  43 ... 109 110 111]
 [ 39  40  43 ... 109 111 112]
 [ 40  43  44 ... 108 111 112]
 ...
 [ 97 100  96 ... 133 128 115]
 [148 147 147 ... 123 111  95]
 [147 145 145 ... 126  96  93]]",2023-04-13 01:11:06.521564
"[[[173 161 157]
  [174 162 158]
  [177 165 161]
  ...
  [180 173 174]
  [182 173 174]
  [182 173 174]]

 [[174 162 158]
  [174 162 158]
  [177 165 161]
  ...
  [181 172 172]
  [181 172 172]
  [181 172 172]]

 [[174 162 158]
  [176 164 160]
  [177 165 161]
  ...
  [181 173 170]
  [182 172 169]
  [182 172 169]]

 ...

 [[ 28  53 100]
  [ 38  63 110]
  [ 58  84 127]
  ...
  [ 78  77 133]
  [ 77  76 132]
  [ 75  74 130]]

 [[ 30  51  97]
  [ 43  64 110]
  [ 63  84 128]
  ...
  [ 74  70 127]
  [ 74  71 126]
  [ 75  72 127]]

 [[ 35  53  98]
  [ 46  64 109]
  [ 67  86 128]
  ...
  [ 73  70 125]
  [ 74  71 126]
  [ 75  72 127]]]",Happy,"[[ 45  48  50 ...  95  95  96]
 [ 46  48  50 ...  97  96  97]
 [ 47  48  48 ... 101  98  98]
 ...
 [ 59  60  62 ... 197 201 195]
 [ 61  78  91 ... 193 193 196]
 [ 86 119 143 ... 193 194 182]]",2023-04-13 01:11:06.755146
"[[[176 164 160]
  [178 166 162]
  [180 168 164]
  ...
  [183 172 173]
  [183 172 173]
  [183 172 173]]

 [[174 165 160]
  [175 166 161]
  [178 169 164]
  ...
  [183 172 172]
  [181 172 172]
  [181 172 172]]

 [[174 165 160]
  [175 166 161]
  [178 169 164]
  ...
  [182 174 171]
  [181 173 170]
  [180 172 169]]

 ...

 [[ 36  57 103]
  [ 43  64 110]
  [ 58  76 123]
  ...
  [ 79  71 127]
  [ 79  71 127]
  [ 80  72 128]]

 [[ 35  53  98]
  [ 44  62 107]
  [ 67  83 128]
  ...
  [ 78  71 124]
  [ 78  71 124]
  [ 78  71 124]]

 [[ 37  53  98]
  [ 47  63 108]
  [ 70  85 127]
  ...
  [ 80  74 125]
  [ 79  73 124]
  [ 78  72 123]]]",Happy,"[[ 37  36  40 ...  84  84  87]
 [ 37  38  43 ...  84  86  88]
 [ 38  41  44 ...  87  87  89]
 ...
 [127 132 139 ... 139  98  90]
 [121 129 137 ... 104  94  98]
 [130 133 158 ... 122 146 167]]",2023-04-13 01:11:06.865082
"[[[173 166 161]
  [174 167 162]
  [177 168 163]
  ...
  [186 172 168]
  [186 172 168]
  [187 173 169]]

 [[173 166 161]
  [173 166 161]
  [175 169 161]
  ...
  [184 172 168]
  [184 172 168]
  [184 172 168]]

 [[172 165 160]
  [173 166 161]
  [173 166 161]
  ...
  [182 173 168]
  [182 173 168]
  [182 173 168]]

 ...

 [[ 49  63 110]
  [ 56  70 117]
  [ 68  82 129]
  ...
  [ 80  68 129]
  [ 80  68 129]
  [ 85  73 134]]

 [[ 48  62 107]
  [ 57  71 116]
  [ 74  88 133]
  ...
  [ 77  63 124]
  [ 77  63 124]
  [ 83  69 130]]

 [[ 45  60 102]
  [ 57  72 114]
  [ 72  87 129]
  ...
  [ 77  60 122]
  [ 76  62 123]
  [ 80  66 127]]]",Happy,"[[ 47  48  50 ... 196 195 195]
 [ 45  46  47 ... 196 196 196]
 [ 44  44  44 ... 196 196 196]
 ...
 [ 77  76  75 ... 129 146 174]
 [139 138 138 ... 193 200 202]
 [131 148 151 ... 197 198 192]]",2023-04-13 01:11:06.974027
"[[[178 165 158]
  [180 167 160]
  [181 169 160]
  ...
  [181 173 170]
  [184 174 171]
  [185 175 172]]

 [[178 165 158]
  [179 166 159]
  [180 168 159]
  ...
  [181 174 169]
  [182 175 170]
  [183 176 171]]

 [[178 166 157]
  [179 167 158]
  [179 167 158]
  ...
  [180 173 168]
  [181 174 169]
  [182 175 170]]

 ...

 [[ 50  66 106]
  [ 56  72 112]
  [ 63  78 120]
  ...
  [ 83  76 129]
  [ 81  74 127]
  [ 80  73 126]]

 [[ 51  65 103]
  [ 63  77 115]
  [ 76  84 126]
  ...
  [ 83  75 126]
  [ 80  74 125]
  [ 78  72 123]]

 [[ 52  64 102]
  [ 65  77 115]
  [ 83  90 129]
  ...
  [ 83  75 124]
  [ 81  73 122]
  [ 79  71 120]]]",Happy,"[[ 42  44  46 ...  96  96  98]
 [ 43  45  46 ...  96  96  98]
 [ 43  45  44 ...  96  95  97]
 ...
 [ 83  81  68 ...  71  62  68]
 [107 111 109 ... 131 110 130]
 [105 107 109 ... 193 182 192]]",2023-04-13 01:11:07.088814
"[[[173 160 158]
  [176 163 161]
  [177 164 162]
  ...
  [183 174 169]
  [183 174 169]
  [183 174 169]]

 [[172 162 159]
  [174 164 161]
  [175 166 161]
  ...
  [183 175 167]
  [183 175 167]
  [183 175 167]]

 [[172 162 159]
  [175 165 162]
  [175 166 161]
  ...
  [181 175 167]
  [181 175 167]
  [181 175 167]]

 ...

 [[ 42  60 107]
  [ 50  68 115]
  [ 61  77 124]
  ...
  [ 23  26  70]
  [ 20  25  69]
  [ 19  24  68]]

 [[ 43  59 104]
  [ 55  71 116]
  [ 67  83 128]
  ...
  [ 24  26  66]
  [ 23  24  67]
  [ 20  21  64]]

 [[ 43  58 100]
  [ 56  71 113]
  [ 71  86 128]
  ...
  [ 27  27  67]
  [ 25  25  65]
  [ 24  24  64]]]",Happy,"[[ 46  46  46 ... 112 112 115]
 [ 45  45  44 ... 111 112 113]
 [ 40  40  41 ... 111 112 113]
 ...
 [ 99  98  99 ... 134 160 182]
 [103 103 102 ... 197 203 199]
 [103 102 104 ... 195 192 187]]",2023-04-13 01:11:07.201714
"[[[175 164 164]
  [177 166 166]
  [177 166 166]
  ...
  [187 174 167]
  [187 174 167]
  [188 175 168]]

 [[175 164 164]
  [177 166 166]
  [178 167 167]
  ...
  [188 175 168]
  [187 176 169]
  [187 176 169]]

 [[175 165 162]
  [178 168 165]
  [179 169 166]
  ...
  [187 176 169]
  [187 176 169]
  [187 176 169]]

 ...

 [[ 45  63 103]
  [ 52  70 110]
  [ 62  77 119]
  ...
  [ 27  27  59]
  [ 27  27  59]
  [ 27  27  59]]

 [[ 47  66 103]
  [ 55  74 111]
  [ 65  81 121]
  ...
  [ 30  30  62]
  [ 33  33  65]
  [ 34  34  66]]

 [[ 49  68 105]
  [ 60  79 116]
  [ 67  86 123]
  ...
  [ 34  34  66]
  [ 36  36  68]
  [ 40  40  72]]]",Happy,"[[ 44  45  48 ... 119 119 119]
 [ 44  45  46 ... 119 119 121]
 [ 44  45  44 ... 118 119 119]
 ...
 [187 111  95 ... 194 188 183]
 [185 110  90 ... 187 179 174]
 [188 111 103 ... 165 150 138]]",2023-04-13 01:11:07.317914
"[[[176 163 161]
  [177 164 162]
  [178 166 162]
  ...
  [182 173 173]
  [180 171 171]
  [179 170 170]]

 [[174 165 160]
  [175 166 161]
  [179 167 163]
  ...
  [181 175 172]
  [179 173 170]
  [177 171 168]]

 [[174 165 160]
  [175 166 161]
  [177 168 163]
  ...
  [182 177 172]
  [180 175 170]
  [177 172 167]]

 ...

 [[ 46  63 105]
  [ 52  69 111]
  [ 61  77 124]
  ...
  [ 16  17  41]
  [ 16  17  39]
  [ 16  17  39]]

 [[ 48  63 105]
  [ 55  70 112]
  [ 63  79 124]
  ...
  [ 14  15  37]
  [ 16  16  36]
  [ 16  16  36]]

 [[ 48  60 103]
  [ 58  70 113]
  [ 69  83 128]
  ...
  [ 14  13  35]
  [ 14  14  34]
  [ 14  14  34]]]",Happy,"[[ 47  47  47 ... 114 114 114]
 [ 48  48  48 ... 112 112 112]
 [ 48  47  45 ... 110 112 112]
 ...
 [ 83  76  73 ... 176 139 111]
 [ 84  83  82 ... 203 189 183]
 [ 93 100 102 ... 196 195 200]]",2023-04-13 01:11:07.440896
"[[[174 163 163]
  [176 165 165]
  [178 168 165]
  ...
  [182 175 170]
  [184 175 170]
  [184 175 170]]

 [[174 164 161]
  [175 165 162]
  [177 167 164]
  ...
  [183 176 171]
  [182 175 170]
  [182 175 170]]

 [[174 165 160]
  [175 166 161]
  [176 167 162]
  ...
  [183 176 171]
  [183 176 171]
  [182 175 170]]

 ...

 [[ 37  59 107]
  [ 39  61 109]
  [ 44  73 120]
  ...
  [  9  11  38]
  [  9  11  38]
  [  9  11  38]]

 [[ 39  57 102]
  [ 44  62 107]
  [ 54  80 125]
  ...
  [ 12  13  37]
  [ 10  13  37]
  [ 10  13  37]]

 [[ 43  60 102]
  [ 51  68 110]
  [ 64  85 129]
  ...
  [ 12  13  35]
  [ 12  13  35]
  [ 12  13  35]]]",Sad,"[[ 38  38  37 ... 102 104 105]
 [ 37  37  36 ... 104 110 107]
 [ 36  36  36 ... 142 132 126]
 ...
 [ 88  87  86 ... 186 181 174]
 [ 89  88  88 ... 194 186 174]
 [ 93  92  92 ... 197 164 128]]",2023-04-13 01:11:07.555158
"[[[176 165 166]
  [177 166 167]
  [181 165 167]
  ...
  [184 175 170]
  [184 175 170]
  [185 176 171]]

 [[177 166 166]
  [178 167 167]
  [179 168 168]
  ...
  [185 176 171]
  [185 176 171]
  [185 176 171]]

 [[178 167 167]
  [179 168 168]
  [183 172 172]
  ...
  [185 176 171]
  [185 176 171]
  [185 176 171]]

 ...

 [[ 52  61 109]
  [ 58  67 115]
  [ 76  83 136]
  ...
  [  8   9  31]
  [  8  10  30]
  [  8  10  30]]

 [[ 52  62 105]
  [ 60  70 113]
  [ 80  87 140]
  ...
  [  7   8  30]
  [  7  10  27]
  [  8  11  28]]

 [[ 52  63 104]
  [ 64  75 116]
  [ 80  88 138]
  ...
  [  9   9  29]
  [ 10  11  28]
  [ 10  11  28]]]",Sad,"[[ 50  50  51 ... 128 123 119]
 [ 48  48  51 ... 126 119 115]
 [ 48  50  51 ... 126 118 112]
 ...
 [ 88 100 102 ... 179 182 186]
 [ 79  84  90 ... 178 186 199]
 [ 76  80  80 ... 189 196 200]]",2023-04-13 01:14:53.642718
"[[[178 166 162]
  [181 169 165]
  [184 173 166]
  ...
  [187 174 172]
  [187 174 172]
  [188 175 173]]

 [[176 167 162]
  [179 170 165]
  [184 172 168]
  ...
  [187 174 172]
  [187 174 172]
  [188 175 173]]

 [[177 168 163]
  [179 170 165]
  [179 170 165]
  ...
  [187 175 171]
  [187 175 171]
  [188 176 172]]

 ...

 [[ 43  64 115]
  [ 50  71 122]
  [ 68  80 132]
  ...
  [ 10  11  40]
  [  9  10  39]
  [  9  10  39]]

 [[ 49  64 113]
  [ 56  71 120]
  [ 75  83 133]
  ...
  [ 11  11  38]
  [ 11  11  38]
  [ 11  11  38]]

 [[ 53  67 114]
  [ 62  76 123]
  [ 77  82 133]
  ...
  [ 11  11  38]
  [ 11  11  38]
  [ 11  11  38]]]",Neutral,"[[ 51  49  49 ... 143 142 137]
 [ 54  52  51 ... 133 132 129]
 [ 53  53  52 ... 122 121 117]
 ...
 [157 169 181 ... 183 181 180]
 [111 124 136 ... 186 182 180]
 [ 61  76  88 ... 186 186 192]]",2023-04-13 01:14:53.756056
"[[[177 168 163]
  [179 170 165]
  [185 174 167]
  ...
  [188 175 173]
  [189 174 172]
  [188 173 171]]

 [[174 167 162]
  [176 169 164]
  [183 174 169]
  ...
  [186 176 173]
  [187 175 171]
  [187 175 171]]

 [[173 166 161]
  [176 169 164]
  [183 174 169]
  ...
  [186 177 172]
  [187 175 171]
  [187 175 171]]

 ...

 [[ 39  66 113]
  [ 49  76 123]
  [ 62  84 132]
  ...
  [  9   9  41]
  [  8  11  42]
  [ 11  14  45]]

 [[ 41  67 112]
  [ 51  77 122]
  [ 69  89 137]
  ...
  [  8   9  38]
  [ 11  11  38]
  [ 12  12  39]]

 [[ 42  65 109]
  [ 54  77 121]
  [ 73  94 140]
  ...
  [  7   9  36]
  [ 10  10  37]
  [ 11  11  38]]]",Happy,"[[ 57  59  60 ... 121 116 110]
 [ 58  58  58 ... 119 112 102]
 [ 55  54  55 ... 115 103  98]
 ...
 [ 83  89  90 ... 172 153 143]
 [ 96 102 100 ... 157 119 116]
 [102 104 104 ... 147 143 133]]",2023-04-13 01:14:53.994011
"[[[182 169 162]
  [185 172 165]
  [185 172 165]
  ...
  [194 175 178]
  [197 176 178]
  [197 176 178]]

 [[182 169 162]
  [183 170 163]
  [185 172 165]
  ...
  [192 176 177]
  [195 176 178]
  [195 176 178]]

 [[181 168 161]
  [183 170 163]
  [183 170 163]
  ...
  [192 176 177]
  [193 177 178]
  [194 178 179]]

 ...

 [[ 39  64 111]
  [ 46  71 118]
  [ 62  87 134]
  ...
  [ 12  12  39]
  [ 11  14  45]
  [ 13  16  47]]

 [[ 39  64 111]
  [ 50  75 122]
  [ 71  94 140]
  ...
  [ 11  12  36]
  [ 12  12  39]
  [ 14  14  41]]

 [[ 43  66 112]
  [ 56  79 125]
  [ 74  97 143]
  ...
  [ 12  11  35]
  [ 10  11  35]
  [ 10  11  35]]]",Surprised,"[[ 50  52  54 ...  84  82  80]
 [ 51  53  55 ...  83  82  79]
 [ 53  55  57 ...  81  80  80]
 ...
 [108 107 105 ... 144 165 176]
 [108 107 105 ... 105 112 123]
 [109 108 107 ...  82  83  93]]",2023-04-13 01:14:54.104905
"[[[181 162 165]
  [184 165 168]
  [189 170 173]
  ...
  [187 179 176]
  [189 179 176]
  [189 179 176]]

 [[179 163 164]
  [182 166 167]
  [187 171 172]
  ...
  [186 178 175]
  [186 178 175]
  [187 179 176]]

 [[180 164 165]
  [181 165 166]
  [186 170 171]
  ...
  [186 178 175]
  [186 178 175]
  [187 179 176]]

 ...

 [[ 52  69 111]
  [ 60  77 119]
  [ 69  85 132]
  ...
  [ 12  11  45]
  [ 12  10  47]
  [ 13  11  48]]

 [[ 56  72 112]
  [ 67  83 123]
  [ 78  89 135]
  ...
  [ 11   9  41]
  [ 11   9  41]
  [ 12  10  42]]

 [[ 61  72 113]
  [ 74  85 126]
  [ 80  92 135]
  ...
  [ 11   9  41]
  [ 13   9  41]
  [ 14  10  42]]]",Happy,"[[ 57  56  54 ... 141 132 130]
 [ 55  55  54 ... 162 163 151]
 [ 53  54  55 ... 172 178 172]
 ...
 [100 102 103 ... 126 105 100]
 [102 103 103 ... 152 139 118]
 [103 102 102 ... 180 196 190]]",2023-04-13 01:14:54.224739
"[[[179 167 163]
  [181 169 165]
  [186 172 168]
  ...
  [191 177 178]
  [192 177 175]
  [190 175 173]]

 [[179 166 164]
  [181 168 166]
  [184 172 168]
  ...
  [190 177 175]
  [188 175 173]
  [188 175 173]]

 [[178 168 165]
  [181 171 168]
  [182 173 168]
  ...
  [188 176 172]
  [188 176 172]
  [190 178 174]]

 ...

 [[ 43  59 111]
  [ 52  68 120]
  [ 67  81 133]
  ...
  [ 12  12  44]
  [ 12  14  47]
  [ 13  15  48]]

 [[ 44  58 110]
  [ 56  70 122]
  [ 69  84 133]
  ...
  [ 10  11  40]
  [ 12  13  42]
  [ 13  14  43]]

 [[ 46  60 112]
  [ 60  74 126]
  [ 72  87 136]
  ...
  [ 11  11  38]
  [ 10  11  40]
  [ 12  13  42]]]",Happy,"[[ 62  67  73 ... 105 100  94]
 [ 64  71  75 ... 108 104 100]
 [ 67  71  73 ... 109 105 102]
 ...
 [ 69  75 114 ... 186 183 185]
 [ 75  74 105 ... 182 185 181]
 [ 79  75 107 ... 180 173 168]]",2023-04-13 01:14:54.343885
"[[[184 170 171]
  [185 171 172]
  [187 171 172]
  ...
  [190 176 172]
  [190 176 172]
  [192 178 174]]

 [[181 171 168]
  [182 172 169]
  [185 172 170]
  ...
  [190 178 174]
  [190 178 174]
  [190 178 174]]

 [[179 169 166]
  [182 172 169]
  [183 173 170]
  ...
  [189 180 175]
  [190 178 174]
  [188 176 172]]

 ...

 [[ 47  66 117]
  [ 55  74 125]
  [ 66  83 132]
  ...
  [ 11  12  36]
  [  9  12  36]
  [ 10  13  37]]

 [[ 47  63 115]
  [ 59  75 127]
  [ 74  91 140]
  ...
  [ 10  12  32]
  [ 10  12  32]
  [ 10  12  32]]

 [[ 45  62 111]
  [ 63  80 129]
  [ 78  96 143]
  ...
  [ 11  12  29]
  [ 11  12  29]
  [ 11  12  29]]]",Neutral,"[[ 61  60  59 ... 117 114 112]
 [ 60  58  57 ... 116 112 110]
 [ 60  58  55 ... 114 111 109]
 ...
 [201 201 201 ... 187 187 186]
 [202 202 201 ... 178 168 172]
 [203 203 200 ... 152 161 154]]",2023-04-13 01:14:54.462955
"[[[194 178 179]
  [196 180 181]
  [199 183 184]
  ...
  [203 192 194]
  [203 192 194]
  [203 192 194]]

 [[194 178 179]
  [195 179 180]
  [200 184 185]
  ...
  [204 190 192]
  [203 192 193]
  [203 192 193]]

 [[193 178 176]
  [199 184 182]
  [200 187 185]
  ...
  [202 188 190]
  [200 186 188]
  [201 187 189]]

 ...

 [[ 64  69 127]
  [ 71  76 134]
  [ 76  89 138]
  ...
  [ 98  87 152]
  [ 99  86 151]
  [ 96  83 148]]

 [[ 61  63 122]
  [ 70  72 131]
  [ 86  97 145]
  ...
  [ 97  86 151]
  [ 97  84 149]
  [ 96  83 148]]

 [[ 61  61 120]
  [ 73  73 132]
  [ 92  98 145]
  ...
  [ 97  86 151]
  [ 97  84 149]
  [ 95  82 147]]]",Sad,"[[ 39  40  40 ... 222 225 225]
 [ 39  41  41 ... 223 225 225]
 [ 41  43  43 ... 223 224 225]
 ...
 [114 111 104 ... 120 121 142]
 [122 122 121 ... 125 155 173]
 [137 130 125 ... 146 171 189]]",2023-04-13 02:00:37.788268
"[[[191 180 181]
  [192 181 182]
  [197 183 185]
  ...
  [200 191 193]
  [200 191 192]
  [200 191 192]]

 [[191 180 181]
  [192 181 182]
  [193 182 183]
  ...
  [198 189 190]
  [200 191 191]
  [201 192 192]]

 [[191 180 180]
  [192 181 181]
  [192 181 181]
  ...
  [202 191 191]
  [200 191 191]
  [201 192 192]]

 ...

 [[ 50  75 127]
  [ 63  88 140]
  [ 82  99 148]
  ...
  [ 95  83 151]
  [ 94  82 150]
  [ 93  81 149]]

 [[ 54  76 124]
  [ 67  89 137]
  [ 90 106 153]
  ...
  [ 97  84 149]
  [ 95  82 147]
  [ 94  81 146]]

 [[ 57  78 124]
  [ 68  89 135]
  [ 90 105 147]
  ...
  [102  87 152]
  [ 99  84 149]
  [ 97  82 147]]]",Sad,"[[ 46  47  47 ... 222 223 223]
 [ 46  47  47 ... 224 225 223]
 [ 46  47  47 ... 223 219 217]
 ...
 [114 114 111 ... 167 164 147]
 [117 115 112 ... 172 150 110]
 [119 117 114 ... 145 100  93]]",2023-04-13 02:00:37.965152
"[[[196 181 179]
  [197 182 180]
  [199 184 182]
  ...
  [211 191 190]
  [211 190 192]
  [211 190 192]]

 [[196 182 178]
  [196 182 178]
  [197 183 179]
  ...
  [209 192 189]
  [209 191 190]
  [209 191 190]]

 [[196 182 178]
  [196 182 178]
  [197 183 179]
  ...
  [206 192 188]
  [209 192 189]
  [210 193 190]]

 ...

 [[ 55  74 130]
  [ 62  81 137]
  [ 72  95 147]
  ...
  [101  87 150]
  [101  87 150]
  [101  87 150]]

 [[ 57  72 126]
  [ 67  82 136]
  [ 77  97 150]
  ...
  [101  84 146]
  [101  84 146]
  [ 99  82 144]]

 [[ 60  71 125]
  [ 75  86 140]
  [ 84 100 152]
  ...
  [101  85 144]
  [100  84 143]
  [ 98  82 141]]]",Sad,"[[ 40  44  46 ... 223 223 222]
 [ 40  44  46 ... 224 225 221]
 [ 43  45  46 ... 225 223 221]
 ...
 [135 114 118 ...  94  86 110]
 [118 117 117 ...  81 105 151]
 [122 122 119 ... 100 155 199]]",2023-04-13 02:00:38.085019
"[[[194 181 179]
  [195 182 180]
  [198 185 183]
  ...
  [203 194 189]
  [204 192 188]
  [202 190 186]]

 [[194 181 179]
  [195 182 180]
  [198 185 183]
  ...
  [202 190 186]
  [202 190 186]
  [202 190 186]]

 [[190 177 175]
  [195 182 180]
  [198 185 183]
  ...
  [201 189 185]
  [201 189 185]
  [201 189 185]]

 ...

 [[ 65  77 129]
  [ 71  83 135]
  [ 77  87 144]
  ...
  [101  89 157]
  [101  89 157]
  [ 99  87 155]]

 [[ 71  76 127]
  [ 77  82 133]
  [ 86  87 143]
  ...
  [100  89 154]
  [100  89 154]
  [ 97  86 151]]

 [[ 73  76 127]
  [ 82  85 136]
  [ 96  92 144]
  ...
  [100  89 154]
  [ 99  88 153]
  [ 97  86 151]]]",Fearful,"[[ 37  39  43 ... 222 221 221]
 [ 40  43  44 ... 222 221 218]
 [ 41  44  44 ... 222 221 221]
 ...
 [131 130 124 ... 161 150 116]
 [130 129 124 ... 137  91  65]
 [129 125 123 ...  79  67  81]]",2023-04-13 02:00:38.199054
"[[[186 177 184]
  [186 177 184]
  [192 179 186]
  ...
  [201 186 192]
  [200 185 191]
  [201 186 192]]

 [[187 178 185]
  [187 178 185]
  [190 179 186]
  ...
  [199 188 190]
  [199 188 190]
  [200 189 191]]

 [[187 179 184]
  [188 180 185]
  [190 180 185]
  ...
  [199 188 189]
  [199 188 189]
  [200 189 190]]

 ...

 [[ 61  77 129]
  [ 67  83 135]
  [ 84  95 149]
  ...
  [ 59  73 111]
  [ 55  72 109]
  [ 54  71 108]]

 [[ 63  77 124]
  [ 76  90 137]
  [ 94 103 156]
  ...
  [ 61  73 111]
  [ 60  72 110]
  [ 61  73 111]]

 [[ 65  76 122]
  [ 78  89 135]
  [ 95 104 157]
  ...
  [ 64  73 112]
  [ 62  74 112]
  [ 61  73 111]]]",Fearful,"[[ 46  46  45 ... 222 222 219]
 [ 46  45  45 ... 221 221 221]
 [ 45  45  44 ... 217 216 222]
 ...
 [104 100  97 ... 221 207 173]
 [107 102 100 ... 216 151  81]
 [107 104 102 ... 171  75  66]]",2023-04-13 02:00:38.936889
