Frame,Fall,Fall Prob,Fall Prob Threshold,Time Stamp
175,Fall Down,0.07955333,0.5,2023-04-10 12:50:40.481281
432,Fall Down,0.28673995,0.5,2023-04-10 12:50:59.381123
433,Fall Down,0.3173824,0.5,2023-04-10 12:50:59.467187
434,Fall Down,0.34616807,0.5,2023-04-10 12:50:59.550699
435,Fall Down,0.32276455,0.5,2023-04-10 12:50:59.653220
436,Fall Down,0.32143176,0.5,2023-04-10 12:50:59.742229
437,Fall Down,0.35701033,0.5,2023-04-10 12:50:59.834290
438,Fall Down,0.34677216,0.5,2023-04-10 12:50:59.913797
439,Fall Down,0.34677216,0.5,2023-04-10 12:50:59.995307
440,Fall Down,0.31449765,0.5,2023-04-10 12:51:00.078830
441,Fall Down,0.31449765,0.5,2023-04-10 12:51:00.164343
442,Fall Down,0.3083708,0.5,2023-04-10 12:51:00.245867
443,Fall Down,0.3083708,0.5,2023-04-10 12:51:00.342870
444,Fall Down,0.3083708,0.5,2023-04-10 12:51:00.428383
445,Fall Down,0.3083708,0.5,2023-04-10 12:51:00.520897
446,Fall Down,0.29543507,0.5,2023-04-10 12:51:00.638473
447,Fall Down,0.31989995,0.5,2023-04-10 12:51:00.734982
448,Fall Down,0.2821502,0.5,2023-04-10 12:51:00.835502
449,Fall Down,0.24872752,0.5,2023-04-10 12:51:00.911019
450,Fall Down,0.22184387,0.5,2023-04-10 12:51:01.001607
451,Fall Down,0.20301238,0.5,2023-04-10 12:51:01.081094
452,Fall Down,0.19337922,0.5,2023-04-10 12:51:01.195627
453,Fall Down,0.19077747,0.5,2023-04-10 12:51:01.277147
454,Fall Down,0.146109,0.5,2023-04-10 12:51:01.386674
455,Fall Down,0.11862863,0.5,2023-04-10 12:51:01.482188
456,Fall Down,0.08193785,0.5,2023-04-10 12:51:01.573702
198,Fall Down,0.17795725,0.5,2023-04-11 10:17:47.719499
199,Fall Down,0.1783852,0.5,2023-04-11 10:17:47.809827
200,Fall Down,0.20766053,0.5,2023-04-11 10:17:47.897654
201,Fall Down,0.2066055,0.5,2023-04-11 10:17:48.012820
202,Fall Down,0.22899218,0.5,2023-04-11 10:17:48.101900
203,Fall Down,0.23161185,0.5,2023-04-11 10:17:48.215174
204,Fall Down,0.23042773,0.5,2023-04-11 10:17:48.319770
205,Fall Down,0.22759031,0.5,2023-04-11 10:17:48.418156
206,Fall Down,0.21539764,0.5,2023-04-11 10:17:48.505853
207,Fall Down,0.20110196,0.5,2023-04-11 10:17:48.590371
208,Fall Down,0.21381214,0.5,2023-04-11 10:17:48.678866
209,Fall Down,0.18989585,0.5,2023-04-11 10:17:48.772080
210,Fall Down,0.19903973,0.5,2023-04-11 10:17:48.861896
211,Fall Down,0.18166408,0.5,2023-04-11 10:17:48.954134
212,Fall Down,0.16136977,0.5,2023-04-11 10:17:49.068143
213,Fall Down,0.1223034,0.5,2023-04-11 10:17:49.157643
214,Fall Down,0.10967649,0.5,2023-04-11 10:17:49.261840
40,Fall Down,0.10056405,0.5,2023-04-12 00:27:18.374501
41,Fall Down,0.10056405,0.5,2023-04-12 00:27:18.525728
221,Fall Down,0.25178337,0.5,2023-04-12 00:27:33.909961
222,Fall Down,0.27831978,0.5,2023-04-12 00:27:33.980407
223,Fall Down,0.2772135,0.5,2023-04-12 00:27:34.047951
224,Fall Down,0.27754202,0.5,2023-04-12 00:27:34.128030
225,Fall Down,0.22786991,0.5,2023-04-12 00:27:34.207034
226,Fall Down,0.22551493,0.5,2023-04-12 00:27:34.288546
227,Fall Down,0.21538898,0.5,2023-04-12 00:27:34.360063
228,Fall Down,0.25714567,0.5,2023-04-12 00:27:34.431576
229,Fall Down,0.19805942,0.5,2023-04-12 00:27:34.513586
230,Fall Down,0.18100405,0.5,2023-04-12 00:27:34.581089
231,Fall Down,0.13885029,0.5,2023-04-12 00:27:34.657185
232,Fall Down,0.14720775,0.5,2023-04-12 00:27:34.734700
233,Fall Down,0.101293646,0.5,2023-04-12 00:27:34.813705
127,Fall Down,0.1318471,0.5,2023-04-12 00:44:11.086395
128,Fall Down,0.10519082,0.5,2023-04-12 00:44:11.200914
129,Fall Down,0.11747387,0.5,2023-04-12 00:44:11.313483
130,Fall Down,0.08445883,0.5,2023-04-12 00:44:11.431995
131,Fall Down,0.10967561,0.5,2023-04-12 00:44:11.557512
132,Fall Down,0.19326869,0.5,2023-04-12 00:44:11.641028
132,Fall Down,0.085117534,0.5,2023-04-12 00:44:11.662030
133,Fall Down,0.19326869,0.5,2023-04-12 00:44:11.753553
133,Fall Down,0.07121364,0.5,2023-04-12 00:44:11.774541
134,Fall Down,0.16248982,0.5,2023-04-12 00:44:11.861062
134,Fall Down,0.061368037,0.5,2023-04-12 00:44:11.881062
135,Fall Down,0.19053863,0.5,2023-04-12 00:44:11.971583
135,Fall Down,0.061368037,0.5,2023-04-12 00:44:11.996583
136,Fall Down,0.17889188,0.5,2023-04-12 00:44:12.075621
136,Fall Down,0.061368037,0.5,2023-04-12 00:44:12.100627
137,Fall Down,0.17032771,0.5,2023-04-12 00:44:12.188134
137,Fall Down,0.050686434,0.5,2023-04-12 00:44:12.213650
138,Fall Down,0.15682673,0.5,2023-04-12 00:44:12.302656
139,Fall Down,0.15682673,0.5,2023-04-12 00:44:12.439689
140,Fall Down,0.15682673,0.5,2023-04-12 00:44:12.546783
141,Fall Down,0.17361955,0.5,2023-04-12 00:44:12.646069
147,Fall Down,0.13434821,0.5,2023-04-12 00:44:13.356129
149,Fall Down,0.09371072,0.5,2023-04-12 00:44:13.621674
183,Fall Down,0.09722451,0.5,2023-04-12 00:44:17.890585
184,Fall Down,0.10003283,0.5,2023-04-12 00:44:18.042167
185,Fall Down,0.12503509,0.5,2023-04-12 00:44:18.189681
186,Fall Down,0.14433527,0.5,2023-04-12 00:44:18.363287
187,Fall Down,0.14996547,0.5,2023-04-12 00:44:18.540327
188,Fall Down,0.15490223,0.5,2023-04-12 00:44:18.758372
189,Fall Down,0.15718244,0.5,2023-04-12 00:44:18.944403
190,Fall Down,0.15977389,0.5,2023-04-12 00:44:19.112927
191,Fall Down,0.153409,0.5,2023-04-12 00:44:19.285607
192,Fall Down,0.16328534,0.5,2023-04-12 00:44:19.459644
193,Fall Down,0.16442949,0.5,2023-04-12 00:44:19.648405
194,Fall Down,0.1572955,0.5,2023-04-12 00:44:19.820005
195,Fall Down,0.1391869,0.5,2023-04-12 00:44:19.984099
196,Fall Down,0.1528042,0.5,2023-04-12 00:44:20.148416
197,Fall Down,0.13196285,0.5,2023-04-12 00:44:20.308943
198,Fall Down,0.14646219,0.5,2023-04-12 00:44:20.476980
199,Fall Down,0.119344115,0.5,2023-04-12 00:44:20.659022
200,Fall Down,0.13953078,0.5,2023-04-12 00:44:20.841054
201,Fall Down,0.11645917,0.5,2023-04-12 00:44:21.016098
202,Fall Down,0.13820754,0.5,2023-04-12 00:44:21.164618
203,Fall Down,0.1142117,0.5,2023-04-12 00:44:21.351657
204,Fall Down,0.1249178,0.5,2023-04-12 00:44:21.523699
205,Fall Down,0.10386712,0.5,2023-04-12 00:44:21.684208
206,Fall Down,0.107134275,0.5,2023-04-12 00:44:21.859248
207,Fall Down,0.07841767,0.5,2023-04-12 00:44:22.019292
208,Fall Down,0.089774184,0.5,2023-04-12 00:44:22.165813
209,Fall Down,0.09232747,0.5,2023-04-12 00:44:22.332852
210,Fall Down,0.07972668,0.5,2023-04-12 00:44:22.496369
211,Fall Down,0.060326725,0.5,2023-04-12 00:44:22.653076
212,Fall Down,0.057634156,0.5,2023-04-12 00:44:22.804151
213,Fall Down,0.052597445,0.5,2023-04-12 00:44:22.948178
214,Fall Down,0.056032814,0.5,2023-04-12 00:44:23.106219
215,Fall Down,0.06356207,0.5,2023-04-12 00:44:23.257247
217,Fall Down,0.051024638,0.5,2023-04-12 00:44:23.577560
239,Fall Down,0.061176002,0.5,2023-04-12 00:44:27.094335
240,Fall Down,0.07495647,0.5,2023-04-12 00:44:27.265053
241,Fall Down,0.0682522,0.5,2023-04-12 00:44:27.434084
242,Fall Down,0.061690766,0.5,2023-04-12 00:44:27.613178
243,Fall Down,0.067471616,0.5,2023-04-12 00:44:27.774995
244,Fall Down,0.063233145,0.5,2023-04-12 00:44:27.932665
245,Fall Down,0.08049691,0.5,2023-04-12 00:44:28.081903
246,Fall Down,0.07415826,0.5,2023-04-12 00:44:28.242654
247,Fall Down,0.06958103,0.5,2023-04-12 00:44:28.399168
248,Fall Down,0.06924167,0.5,2023-04-12 00:44:28.568215
249,Fall Down,0.07630078,0.5,2023-04-12 00:44:28.718367
250,Fall Down,0.07165489,0.5,2023-04-12 00:44:28.889394
251,Fall Down,0.06446915,0.5,2023-04-12 00:44:29.053432
252,Fall Down,0.068144545,0.5,2023-04-12 00:44:29.209951
253,Fall Down,0.049761474,0.5,2023-04-12 00:44:29.355978
254,Fall Down,0.053213507,0.5,2023-04-12 00:44:29.485388
255,Fall Down,0.043654814,0.5,2023-04-12 00:44:29.598905
257,Fall Down,0.05156003,0.5,2023-04-12 00:44:29.830468
259,Fall Down,0.06387128,0.5,2023-04-12 00:44:30.051510
260,Fall Down,0.059838533,0.5,2023-04-12 00:44:30.162036
261,Fall Down,0.061583124,0.5,2023-04-12 00:44:30.278302
262,Fall Down,0.07571523,0.5,2023-04-12 00:44:30.386825
263,Fall Down,0.08607201,0.5,2023-04-12 00:44:30.497340
264,Fall Down,0.08815025,0.5,2023-04-12 00:44:30.609863
265,Fall Down,0.08772726,0.5,2023-04-12 00:44:30.712377
